PLAYER,TEAM,DATE,MATCHUP,W/L,MIN,PTS,FGM,FGA,FG%,3PM,3PA,3P%,FTM,FTA,FT%,OREB,DREB,REB,AST,STL,BLK,TOV,PF,+/-
Jevon Carter,MEM,04/10/2019,MEM vs. GSW,W,26,32,10,18,55.6,8,12,66.7,4,4,100,1,3,4,2,1,0,1,1,18
Kemba Walker,CHA,04/10/2019,CHA vs. ORL,L,40,43,16,25,64,4,9,44.4,7,7,100,0,2,2,5,0,2,2,1,0
Dennis Schroder,OKC,04/10/2019,OKC @ MIL,W,40,32,10,21,47.6,8,15,53.3,4,4,100,0,5,5,3,4,0,2,5,14
Anfernee Simons,POR,04/10/2019,POR vs. SAC,W,48,37,13,21,61.9,7,11,63.6,4,6,66.7,3,3,6,9,1,0,2,2,5
Terrence Ross,ORL,04/10/2019,ORL @ CHA,W,30,35,12,19,63.2,6,10,60,5,5,100,2,4,6,2,1,0,1,1,15
LaMarcus Aldridge,SAS,04/10/2019,SAS vs. DAL,W,36,34,15,21,71.4,0,1,0,4,5,80,5,11,16,1,1,1,2,1,19
Grayson Allen,UTA,04/10/2019,UTA @ LAC,L,41,40,11,30,36.7,5,13,38.5,13,14,92.9,2,5,7,4,1,1,3,1,-3
Kentavious Caldwell-Pope,LAL,04/09/2019,LAL vs. POR,L,44,32,11,31,35.5,5,15,33.3,5,7,71.4,0,5,5,8,1,0,2,2,-4
Dwyane Wade,MIA,04/09/2019,MIA vs. PHI,W,35,30,10,23,43.5,4,10,40,6,6,100,1,2,3,3,0,1,3,1,7
Jahlil Okafor,NOP,04/09/2019,NOP vs. GSW,L,38,30,15,24,62.5,0,1,0,0,2,0,1,6,7,1,2,0,3,2,-2
Donovan Mitchell,UTA,04/09/2019,UTA vs. DEN,W,36,46,14,26,53.8,5,8,62.5,13,16,81.3,2,5,7,4,2,0,4,4,24
Jamal Crawford,PHX,04/09/2019,PHX @ DAL,L,38,51,18,30,60,7,13,53.8,8,9,88.9,0,5,5,5,1,1,4,4,-5
James Harden,HOU,04/09/2019,HOU @ OKC,L,37,39,11,28,39.3,5,15,33.3,12,13,92.3,1,9,10,3,1,1,4,4,1
Dirk Nowitzki,DAL,04/09/2019,DAL vs. PHX,W,33,30,11,31,35.5,5,14,35.7,3,3,100,1,7,8,3,0,1,2,3,11
Kentavious Caldwell-Pope,LAL,04/07/2019,LAL vs. UTA,W,42,32,13,22,59.1,2,8,25,4,6,66.7,2,4,6,6,1,0,3,1,7
Giannis Antetokounmpo,MIL,04/07/2019,MIL vs. ATL,W,25,30,10,15,66.7,2,5,40,8,12,66.7,3,6,9,3,1,3,1,0,16
Mario Hezonja,NYK,04/07/2019,NYK vs. WAS,W,36,30,12,21,57.1,3,6,50,3,4,75,2,4,6,5,2,0,5,2,-7
Damian Lillard,POR,04/07/2019,POR vs. DEN,W,38,30,9,19,47.4,5,11,45.5,7,7,100,1,5,6,5,0,0,1,1,11
Ian Clark,NOP,04/07/2019,NOP @ SAC,W,36,31,11,21,52.4,7,15,46.7,2,3,66.7,2,2,4,3,2,2,1,2,5
Kemba Walker,CHA,04/07/2019,CHA @ DET,W,41,31,11,29,37.9,3,11,27.3,6,7,85.7,1,7,8,7,1,0,1,2,16
Alex Len,ATL,04/07/2019,ATL @ MIL,L,34,33,13,23,56.5,6,12,50,1,7,14.3,2,6,8,4,0,2,1,4,-5
Karl-Anthony Towns,MIN,04/07/2019,MIN vs. OKC,L,33,35,11,18,61.1,0,1,0,13,14,92.9,2,5,7,2,2,1,5,4,3
James Harden,HOU,04/07/2019,HOU vs. PHX,W,29,30,10,14,71.4,5,6,83.3,5,7,71.4,0,13,13,9,2,0,6,3,39
Justin Holiday,MEM,04/07/2019,MEM vs. DAL,L,42,30,9,20,45,6,11,54.5,6,6,100,1,4,5,2,2,0,1,4,17
Eric Bledsoe,MIL,04/06/2019,MIL vs. BKN,L,33,33,12,17,70.6,5,6,83.3,4,7,57.1,2,2,4,11,2,1,4,2,-9
Alex Caruso,LAL,04/05/2019,LAL @ LAC,W,38,32,10,19,52.6,5,7,71.4,7,7,100,2,8,10,5,2,1,3,2,2
Blake Griffin,DET,04/05/2019,DET @ OKC,L,35,45,11,20,55,9,14,64.3,14,16,87.5,0,7,7,3,2,0,1,0,-11
Stephen Curry,GSW,04/05/2019,GSW vs. CLE,W,36,40,12,21,57.1,9,12,75,7,7,100,1,5,6,7,0,1,4,1,5
Josh Jackson,PHX,04/05/2019,PHX vs. NOP,W,46,35,15,29,51.7,5,8,62.5,0,0,-0,1,8,9,5,2,0,0,3,12
Julius Randle,NOP,04/05/2019,NOP @ PHX,L,38,31,13,24,54.2,0,2,0,5,11,45.5,6,8,14,3,0,0,5,2,-14
Paul George,OKC,04/05/2019,OKC vs. DET,W,36,30,11,24,45.8,4,7,57.1,4,4,100,2,6,8,4,2,0,4,1,5
Giannis Antetokounmpo,MIL,04/04/2019,MIL @ PHI,W,35,45,13,22,59.1,3,7,42.9,16,21,76.2,0,13,13,6,0,5,0,2,9
Joel Embiid,PHI,04/04/2019,PHI vs. MIL,L,37,34,12,31,38.7,3,9,33.3,7,10,70,3,10,13,13,2,3,3,3,0
JJ Redick,PHI,04/03/2019,PHI @ ATL,L,35,30,10,22,45.5,6,13,46.2,4,7,57.1,1,1,2,3,0,0,0,1,0
Julius Randle,NOP,04/03/2019,NOP vs. CHA,L,34,34,12,19,63.2,3,5,60,7,8,87.5,1,10,11,3,2,1,4,4,0
Kemba Walker,CHA,04/03/2019,CHA @ NOP,W,35,32,9,17,52.9,2,5,40,12,13,92.3,0,3,3,7,2,0,4,0,3
Trae Young,ATL,04/03/2019,ATL vs. PHI,W,33,33,12,18,66.7,2,6,33.3,7,7,100,2,5,7,12,1,0,2,4,6
James Harden,HOU,04/03/2019,HOU @ LAC,W,30,31,9,15,60,3,7,42.9,10,12,83.3,1,6,7,7,0,0,6,3,16
James Harden,HOU,04/02/2019,HOU @ SAC,W,29,36,12,19,63.2,7,12,58.3,5,6,83.3,0,3,3,10,1,0,2,2,29
Goran Dragic,MIA,04/01/2019,MIA @ BOS,L,39,30,12,20,60,3,9,33.3,3,3,100,0,1,1,5,5,0,3,3,-3
Kemba Walker,CHA,04/01/2019,CHA @ UTA,L,37,47,15,28,53.6,4,8,50,13,15,86.7,0,5,5,3,0,0,3,1,-15
Jonas Valanciunas,MEM,03/30/2019,MEM @ PHX,W,34,34,16,28,57.1,0,1,0,2,2,100,11,9,20,5,2,2,3,3,2
Devin Booker,PHX,03/30/2019,PHX vs. MEM,L,43,48,19,29,65.5,3,6,50,7,8,87.5,1,2,3,11,0,0,6,3,1
Mike Conley,MEM,03/30/2019,MEM @ PHX,W,38,33,10,19,52.6,2,6,33.3,11,14,78.6,0,4,4,5,2,0,1,3,20
James Harden,HOU,03/30/2019,HOU vs. SAC,W,38,50,13,31,41.9,7,23,30.4,17,18,94.4,1,10,11,10,0,0,3,1,17
Donovan Mitchell,UTA,03/29/2019,UTA vs. WAS,W,38,35,13,23,56.5,3,5,60,6,6,100,1,4,5,5,0,1,5,2,-4
Damian Lillard,POR,03/29/2019,POR @ ATL,W,32,36,13,25,52,4,10,40,6,6,100,0,3,3,7,0,1,2,1,18
Stephen Curry,GSW,03/29/2019,GSW @ MIN,L,42,37,13,25,52,11,19,57.9,0,0,-0,0,3,3,5,2,0,2,2,6
Kyrie Irving,BOS,03/29/2019,BOS vs. IND,W,35,30,11,22,50,3,8,37.5,5,5,100,0,2,2,5,3,0,1,3,15
Bradley Beal,WAS,03/29/2019,WAS @ UTA,L,39,34,13,25,52,2,7,28.6,6,10,60,3,1,4,6,2,0,3,1,7
Pascal Siakam,TOR,03/28/2019,TOR @ NYK,W,31,31,11,19,57.9,2,6,33.3,7,8,87.5,2,3,5,5,1,1,0,4,31
Joel Embiid,PHI,03/28/2019,PHI vs. BKN,W,28,39,12,20,60,3,4,75,12,16,75,3,10,13,6,3,1,2,3,14
Giannis Antetokounmpo,MIL,03/28/2019,MIL vs. LAC,W,32,34,10,18,55.6,2,6,33.3,12,14,85.7,0,9,9,5,1,1,1,3,1
James Harden,HOU,03/28/2019,HOU vs. DEN,W,32,38,10,22,45.5,5,11,45.5,13,14,92.9,2,4,6,6,1,1,4,2,14
Julius Randle,NOP,03/28/2019,NOP vs. SAC,W,31,34,12,25,48,3,5,60,7,7,100,4,7,11,3,0,0,3,3,10
Khris Middleton,MIL,03/28/2019,MIL vs. LAC,W,33,39,16,25,64,4,7,57.1,3,3,100,2,7,9,5,1,0,2,3,2
Devin Booker,PHX,03/27/2019,PHX vs. WAS,L,37,50,19,29,65.5,3,9,33.3,9,10,90,2,8,10,4,1,1,5,3,8
Paul George,OKC,03/27/2019,OKC vs. IND,W,39,31,12,25,48,4,13,30.8,3,3,100,0,4,4,1,1,0,2,2,17
DeMar DeRozan,SAS,03/26/2019,SAS @ CHA,L,40,30,12,23,52.2,0,1,0,6,8,75,2,6,8,4,0,0,1,2,-14
Kemba Walker,CHA,03/26/2019,CHA vs. SAS,W,42,38,14,31,45.2,2,8,25,8,11,72.7,1,8,9,11,0,1,2,1,8
Trae Young,ATL,03/26/2019,ATL @ NOP,W,31,33,12,24,50,5,13,38.5,4,5,80,0,1,1,12,1,0,1,1,10
Bradley Beal,WAS,03/26/2019,WAS @ LAL,L,37,32,10,19,52.6,2,7,28.6,10,13,76.9,0,5,5,2,0,1,2,2,-13
Jamal Murray,DEN,03/26/2019,DEN vs. DET,W,38,33,12,19,63.2,3,7,42.9,6,7,85.7,0,3,3,5,1,0,3,5,12
Paul George,OKC,03/25/2019,OKC @ MEM,L,39,30,10,29,34.5,5,15,33.3,5,6,83.3,2,10,12,3,1,0,2,3,-3
D'Angelo Russell,BKN,03/25/2019,BKN @ POR,L,42,39,16,34,47.1,3,14,21.4,4,8,50,2,7,9,8,1,0,6,1,-9
Devin Booker,PHX,03/25/2019,PHX @ UTA,L,41,59,19,34,55.9,5,8,62.5,16,17,94.1,1,3,4,4,1,0,6,5,-13
Jusuf Nurkic,POR,03/25/2019,POR vs. BKN,W,34,32,13,24,54.2,0,0,-0,6,8,75,4,12,16,5,2,4,1,4,10
Damian Lillard,POR,03/25/2019,POR vs. BKN,W,48,31,10,30,33.3,4,16,25,7,8,87.5,3,3,6,12,1,0,0,3,13
LaMarcus Aldridge,SAS,03/24/2019,SAS @ BOS,W,37,48,20,31,64.5,1,1,100,7,8,87.5,3,10,13,6,0,1,3,5,23
Bojan Bogdanovic,IND,03/24/2019,IND vs. DEN,W,26,35,13,16,81.3,5,6,83.3,4,4,100,0,6,6,3,1,0,0,0,17
Karl-Anthony Towns,MIN,03/23/2019,MIN @ MEM,W,33,33,12,20,60,4,7,57.1,5,5,100,4,19,23,3,1,1,5,5,12
Kemba Walker,CHA,03/23/2019,CHA vs. BOS,W,35,36,11,25,44,6,13,46.2,8,8,100,1,10,11,9,2,0,2,0,21
Devin Booker,PHX,03/23/2019,PHX @ SAC,L,39,32,10,27,37,2,11,18.2,10,10,100,0,2,2,10,2,0,3,0,-5
Trae Young,ATL,03/23/2019,ATL vs. PHI,W,33,32,11,20,55,4,9,44.4,6,7,85.7,2,4,6,11,0,1,6,4,22
Kyrie Irving,BOS,03/23/2019,BOS @ CHA,L,35,31,12,23,52.2,4,11,36.4,3,4,75,0,7,7,6,2,0,3,5,-10
Terrence Ross,ORL,03/22/2019,ORL vs. MEM,W,36,31,10,15,66.7,8,12,66.7,3,3,100,0,7,7,0,1,0,2,1,25
Kawhi Leonard,TOR,03/22/2019,TOR vs. OKC,L,36,37,12,23,52.2,4,5,80,9,10,90,2,4,6,4,2,0,8,5,12
JaVale McGee,LAL,03/22/2019,LAL vs. BKN,L,35,33,15,20,75,0,0,-0,3,7,42.9,12,8,20,0,1,6,3,5,-5
James Harden,HOU,03/22/2019,HOU vs. SAS,W,37,61,19,34,55.9,9,13,69.2,14,17,82.4,2,5,7,1,3,0,3,3,18
Kemba Walker,CHA,03/21/2019,CHA vs. MIN,W,35,31,10,22,45.5,1,8,12.5,10,12,83.3,1,4,5,6,0,0,5,2,6
Donovan Mitchell,UTA,03/21/2019,UTA @ ATL,L,36,34,15,32,46.9,2,6,33.3,2,3,66.7,3,1,4,2,1,2,3,2,0
Mike Conley,MEM,03/20/2019,MEM vs. HOU,W,42,35,12,23,52.2,6,9,66.7,5,5,100,0,5,5,8,0,0,1,2,3
Jonas Valanciunas,MEM,03/20/2019,MEM vs. HOU,W,36,33,10,19,52.6,0,2,0,13,17,76.5,9,6,15,1,0,0,5,2,5
Damian Lillard,POR,03/20/2019,POR vs. DAL,W,30,33,9,18,50,6,12,50,9,10,90,2,3,5,12,2,0,1,1,24
Lauri Markkanen,CHI,03/20/2019,CHI vs. WAS,W,38,32,12,21,57.1,5,8,62.5,3,3,100,4,9,13,5,0,1,1,2,12
Joel Embiid,PHI,03/20/2019,PHI vs. BOS,W,41,37,8,17,47.1,1,3,33.3,20,21,95.2,6,16,22,4,1,1,3,4,12
Donovan Mitchell,UTA,03/20/2019,UTA @ NYK,W,29,30,12,20,60,5,9,55.6,1,2,50,1,2,3,5,1,0,3,4,16
Kyrie Irving,BOS,03/20/2019,BOS @ PHI,L,36,36,12,29,41.4,3,13,23.1,9,11,81.8,2,7,9,4,0,1,3,2,-6
Russell Westbrook,OKC,03/20/2019,OKC vs. TOR,L,44,42,16,29,55.2,5,10,50,5,8,62.5,2,9,11,6,1,0,9,3,-7
Pascal Siakam,TOR,03/20/2019,TOR @ OKC,W,43,33,14,21,66.7,1,4,25,4,4,100,2,11,13,6,2,1,5,5,9
James Harden,HOU,03/20/2019,HOU @ MEM,L,46,57,18,39,46.2,9,17,52.9,12,12,100,1,6,7,8,2,2,3,3,11
Stephen Curry,GSW,03/19/2019,GSW @ MIN,W,33,36,12,21,57.1,8,14,57.1,4,5,80,1,2,3,5,2,0,2,1,15
James Harden,HOU,03/19/2019,HOU @ ATL,W,33,31,8,18,44.4,4,11,36.4,11,12,91.7,0,8,8,10,1,1,4,1,10
D'Angelo Russell,BKN,03/19/2019,BKN @ SAC,W,38,44,17,33,51.5,6,15,40,4,6,66.7,1,3,4,12,4,0,5,3,13
Kentavious Caldwell-Pope,LAL,03/19/2019,LAL @ MIL,L,34,35,12,20,60,8,14,57.1,3,4,75,0,3,3,1,2,1,0,3,-2
Khris Middleton,MIL,03/19/2019,MIL vs. LAL,W,36,30,12,20,60,4,7,57.1,2,2,100,2,8,10,5,1,0,6,4,24
Damian Lillard,POR,03/18/2019,POR vs. IND,W,40,30,9,16,56.3,4,9,44.4,8,9,88.9,0,2,2,15,3,1,6,3,17
Julius Randle,NOP,03/18/2019,NOP @ DAL,W,34,30,14,24,58.3,2,4,50,0,1,0,3,6,9,4,1,1,1,3,5
Kyrie Irving,BOS,03/18/2019,BOS vs. DEN,L,36,30,10,23,43.5,2,8,25,8,8,100,1,4,5,4,4,1,1,1,-2
Paul George,OKC,03/18/2019,OKC vs. MIA,L,39,31,9,18,50,4,11,36.4,9,9,100,1,8,9,5,2,2,5,1,0
Joel Embiid,PHI,03/17/2019,PHI @ MIL,W,36,40,15,31,48.4,4,13,30.8,6,7,85.7,2,13,15,6,3,1,1,4,-6
Kawhi Leonard,TOR,03/17/2019,TOR @ DET,L,36,33,11,21,52.4,5,8,62.5,6,8,75,4,6,10,2,1,1,1,2,11
Giannis Antetokounmpo,MIL,03/17/2019,MIL vs. PHI,L,36,52,15,26,57.7,3,8,37.5,19,21,90.5,1,15,16,7,2,1,1,1,12
LeBron James,LAL,03/17/2019,LAL @ NYK,L,35,33,11,26,42.3,0,6,0,11,13,84.6,2,4,6,8,0,1,2,2,9
D'Angelo Russell,BKN,03/17/2019,BKN @ LAC,L,33,32,13,25,52,6,12,50,0,1,0,0,5,5,10,1,0,3,4,16
Devin Booker,PHX,03/16/2019,PHX @ NOP,W,41,40,12,26,46.2,3,8,37.5,13,18,72.2,1,4,5,13,0,1,7,3,3
Stephen Curry,GSW,03/16/2019,GSW @ OKC,W,33,33,10,23,43.5,5,12,41.7,8,10,80,1,6,7,3,2,0,4,1,19
Damian Lillard,POR,03/16/2019,POR @ SAS,L,38,34,13,29,44.8,3,10,30,5,5,100,0,6,6,5,1,0,1,3,3
Kelly Oubre Jr.,PHX,03/16/2019,PHX @ NOP,W,43,32,12,25,48,2,8,25,6,7,85.7,2,4,6,2,2,0,4,4,5
Bradley Beal,WAS,03/16/2019,WAS vs. MEM,W,39,40,12,17,70.6,9,12,75,7,9,77.8,1,4,5,7,2,0,1,2,14
Kyrie Irving,BOS,03/16/2019,BOS vs. ATL,W,36,30,12,24,50,4,10,40,2,3,66.7,2,9,11,9,1,2,3,2,13
Giannis Antetokounmpo,MIL,03/15/2019,MIL @ MIA,W,35,33,12,19,63.2,1,4,25,8,11,72.7,2,14,16,9,2,3,6,4,19
Julius Randle,NOP,03/15/2019,NOP vs. POR,L,42,45,20,34,58.8,2,7,28.6,3,11,27.3,5,6,11,6,2,3,7,3,-9
James Harden,HOU,03/15/2019,HOU vs. PHX,W,42,41,12,25,48,3,11,27.3,14,17,82.4,0,9,9,11,6,3,6,3,3
Bradley Beal,WAS,03/15/2019,WAS vs. CHA,L,45,40,15,29,51.7,7,13,53.8,3,3,100,2,3,5,5,1,1,5,3,1
Zach LaVine,CHI,03/15/2019,CHI @ LAC,L,38,31,9,19,47.4,3,7,42.9,10,13,76.9,1,6,7,7,0,0,4,2,-6
Paul George,OKC,03/14/2019,OKC @ IND,L,36,36,10,23,43.5,6,11,54.5,10,12,83.3,0,6,6,5,2,0,5,3,-5
Buddy Hield,SAC,03/14/2019,SAC @ BOS,L,35,34,14,24,58.3,6,10,60,0,0,-0,2,2,4,7,0,0,1,4,5
Kyrie Irving,BOS,03/14/2019,BOS vs. SAC,W,38,31,11,28,39.3,1,9,11.1,8,9,88.9,3,7,10,12,1,1,2,2,3
Paul Millsap,DEN,03/14/2019,DEN vs. DAL,W,36,33,14,19,73.7,1,3,33.3,4,4,100,1,7,8,3,1,0,0,4,3
Klay Thompson,GSW,03/13/2019,GSW @ HOU,W,36,30,12,23,52.2,5,10,50,1,1,100,1,5,6,2,0,0,0,3,-3
CJ Miles,MEM,03/13/2019,MEM @ ATL,L,33,33,11,16,68.8,8,12,66.7,3,4,75,0,3,3,0,0,0,2,0,6
Russell Westbrook,OKC,03/13/2019,OKC vs. BKN,W,36,31,12,23,52.2,4,8,50,3,5,60,3,9,12,11,3,0,5,3,18
LeBron James,LAL,03/12/2019,LAL @ CHI,W,33,36,15,23,65.2,2,4,50,4,5,80,1,9,10,4,2,0,5,2,9
Jamal Murray,DEN,03/12/2019,DEN vs. MIN,W,32,30,10,16,62.5,4,6,66.7,6,6,100,1,2,3,1,3,0,1,0,20
Karl-Anthony Towns,MIN,03/12/2019,MIN @ DEN,L,32,34,14,25,56,2,6,33.3,4,4,100,3,7,10,3,0,3,4,3,-15
CJ McCollum,POR,03/12/2019,POR @ LAC,W,35,35,12,21,57.1,6,11,54.5,5,6,83.3,2,2,4,4,2,0,0,4,20
Jalen Brunson,DAL,03/12/2019,DAL vs. SAS,L,37,34,12,16,75,3,6,50,7,7,100,0,5,5,4,1,0,1,1,5
DeMar DeRozan,SAS,03/12/2019,SAS @ DAL,W,38,33,11,19,57.9,0,0,-0,11,11,100,0,4,4,6,4,0,3,4,9
Kemba Walker,CHA,03/11/2019,CHA @ HOU,L,40,40,14,20,70,6,6,100,6,7,85.7,1,9,10,7,0,1,4,1,-5
Lou Williams,LAC,03/11/2019,LAC vs. BOS,W,23,34,14,20,70,2,6,33.3,4,4,100,1,3,4,5,0,0,3,2,28
Devin Booker,PHX,03/10/2019,PHX @ GSW,W,41,37,13,23,56.5,2,6,33.3,9,9,100,1,7,8,11,2,0,5,3,12
Joel Embiid,PHI,03/10/2019,PHI vs. IND,W,28,33,11,21,52.4,0,2,0,11,15,73.3,3,9,12,0,2,0,2,5,16
Bradley Beal,WAS,03/09/2019,WAS @ MIN,L,45,36,13,25,52,2,10,20,8,11,72.7,1,9,10,9,1,1,3,3,3
Kyrie Irving,BOS,03/09/2019,BOS @ LAL,W,35,30,12,18,66.7,5,8,62.5,1,1,100,1,6,7,5,2,2,1,2,14
LeBron James,LAL,03/09/2019,LAL vs. BOS,L,28,30,13,23,56.5,1,5,20,3,7,42.9,2,8,10,12,0,0,3,0,11
Karl-Anthony Towns,MIN,03/09/2019,MIN vs. WAS,W,37,40,15,24,62.5,4,7,57.1,6,6,100,4,11,15,2,2,1,1,2,1
De'Aaron Fox,SAC,03/09/2019,SAC @ NYK,W,37,30,11,17,64.7,2,4,50,6,8,75,0,5,5,8,1,0,3,3,19
John Collins,ATL,03/09/2019,ATL vs. BKN,L,30,33,13,20,65,0,1,0,7,9,77.8,6,13,19,2,1,1,2,5,3
Marvin Williams,CHA,03/08/2019,CHA vs. WAS,W,32,30,10,16,62.5,7,10,70,3,3,100,5,2,7,1,1,2,3,1,2
Danilo Gallinari,LAC,03/08/2019,LAC vs. OKC,W,34,34,10,19,52.6,2,5,40,12,15,80,2,4,6,2,0,0,0,1,13
Kawhi Leonard,TOR,03/08/2019,TOR @ NOP,W,27,31,14,20,70,1,5,20,2,3,66.7,0,1,1,2,2,0,2,1,15
Klay Thompson,GSW,03/08/2019,GSW vs. DEN,W,35,39,13,22,59.1,9,11,81.8,4,5,80,1,2,3,4,2,1,1,3,30
Russell Westbrook,OKC,03/08/2019,OKC @ LAC,L,32,32,12,23,52.2,2,9,22.2,6,8,75,0,8,8,7,0,1,1,6,-4
James Harden,HOU,03/08/2019,HOU vs. PHI,W,32,31,11,22,50,3,11,27.3,6,7,85.7,0,10,10,7,2,0,5,3,15
Lou Williams,LAC,03/08/2019,LAC vs. OKC,W,34,40,13,24,54.2,4,6,66.7,10,15,66.7,1,6,7,5,4,0,2,1,3
Donovan Mitchell,UTA,03/08/2019,UTA @ MEM,L,39,38,12,24,50,5,9,55.6,9,12,75,2,2,4,5,0,1,3,3,4
Russell Westbrook,OKC,03/07/2019,OKC @ POR,W,40,37,14,28,50,5,8,62.5,4,6,66.7,1,6,7,3,0,0,8,5,1
Damian Lillard,POR,03/07/2019,POR vs. OKC,L,47,51,15,28,53.6,3,10,30,18,20,90,1,4,5,9,1,2,3,3,-5
Paul George,OKC,03/07/2019,OKC @ POR,W,43,32,7,23,30.4,1,9,11.1,17,20,85,2,12,14,6,3,0,3,2,19
Andre Drummond,DET,03/06/2019,DET vs. MIN,W,39,31,11,18,61.1,1,1,100,8,10,80,8,7,15,3,1,2,2,5,12
Devin Booker,PHX,03/06/2019,PHX vs. NYK,W,34,41,14,23,60.9,6,10,60,7,7,100,1,4,5,4,2,1,5,4,17
LeBron James,LAL,03/06/2019,LAL vs. DEN,L,31,31,13,22,59.1,2,7,28.6,3,8,37.5,0,7,7,7,1,1,4,4,-8
Bradley Beal,WAS,03/06/2019,WAS vs. DAL,W,37,30,11,19,57.9,2,5,40,6,8,75,0,7,7,8,0,0,2,5,7
LaMarcus Aldridge,SAS,03/06/2019,SAS @ ATL,W,38,32,11,16,68.8,1,1,100,9,11,81.8,2,7,9,0,1,2,4,2,9
Luka Doncic,DAL,03/06/2019,DAL @ WAS,L,36,31,11,26,42.3,2,8,25,7,9,77.8,3,8,11,7,4,0,2,3,-10
Zach LaVine,CHI,03/06/2019,CHI vs. PHI,W,36,39,14,26,53.8,2,5,40,9,13,69.2,3,2,5,4,1,0,2,1,6
Gordon Hayward,BOS,03/05/2019,BOS @ GSW,W,28,30,12,16,75,4,6,66.7,2,2,100,1,6,7,4,2,0,0,1,32
Karl-Anthony Towns,MIN,03/05/2019,MIN vs. OKC,W,30,41,15,27,55.6,3,5,60,8,10,80,6,8,14,1,2,0,0,4,9
Mike Conley,MEM,03/05/2019,MEM vs. POR,W,35,40,12,18,66.7,6,7,85.7,10,15,66.7,1,3,4,4,1,0,1,4,15
Russell Westbrook,OKC,03/05/2019,OKC @ MIN,L,38,38,15,28,53.6,5,10,50,3,7,42.9,2,11,13,6,0,0,2,3,-2
James Harden,HOU,03/05/2019,HOU @ TOR,W,37,35,12,30,40,3,9,33.3,8,8,100,0,1,1,3,3,0,1,4,-10
Julius Randle,NOP,03/04/2019,NOP @ UTA,W,39,30,10,23,43.5,0,2,0,10,12,83.3,1,7,8,5,2,1,0,4,17
Jrue Holiday,NOP,03/04/2019,NOP @ UTA,W,32,30,12,23,52.2,4,7,57.1,2,2,100,0,2,2,4,1,0,1,0,-4
James Harden,HOU,03/03/2019,HOU @ BOS,W,39,42,14,31,45.2,6,18,33.3,8,9,88.9,0,7,7,4,2,1,4,6,13
Eric Gordon,HOU,03/03/2019,HOU @ BOS,W,35,32,11,18,61.1,8,12,66.7,2,6,33.3,0,3,3,3,1,0,0,2,14
Kyle Lowry,TOR,03/03/2019,TOR @ DET,L,42,35,11,24,45.8,6,14,42.9,7,9,77.8,1,6,7,5,1,0,3,3,2
Kevin Durant,GSW,03/02/2019,GSW @ PHI,W,37,34,11,24,45.8,2,7,28.6,10,14,71.4,0,5,5,5,0,0,4,0,11
Giannis Antetokounmpo,MIL,03/02/2019,MIL @ UTA,L,32,43,15,26,57.7,2,3,66.7,11,19,57.9,3,11,14,8,2,1,4,3,19
Donovan Mitchell,UTA,03/02/2019,UTA vs. MIL,W,39,46,15,32,46.9,5,10,50,11,14,78.6,2,1,3,6,2,1,3,3,10
Brandon Ingram,LAL,03/01/2019,LAL vs. MIL,L,39,31,13,21,61.9,1,4,25,4,5,80,1,7,8,2,0,1,0,3,-11
Zach LaVine,CHI,03/01/2019,CHI @ ATL,W,56,47,17,35,48.6,6,14,42.9,7,11,63.6,2,7,9,9,2,0,8,3,5
Lauri Markkanen,CHI,03/01/2019,CHI @ ATL,W,54,31,9,18,50,3,6,50,10,12,83.3,2,15,17,2,1,1,1,2,14
CJ McCollum,POR,03/01/2019,POR @ TOR,L,40,35,12,20,60,7,11,63.6,4,4,100,0,4,4,5,1,0,3,3,-5
Kawhi Leonard,TOR,03/01/2019,TOR vs. POR,W,34,38,14,22,63.6,2,4,50,8,8,100,0,3,3,5,3,0,2,1,14
Otto Porter Jr.,CHI,03/01/2019,CHI @ ATL,W,55,31,10,25,40,7,13,53.8,4,4,100,2,8,10,4,1,0,3,4,12
Eric Bledsoe,MIL,03/01/2019,MIL @ LAL,W,31,31,12,24,50,2,11,18.2,5,5,100,2,7,9,5,0,1,1,0,14
LeBron James,LAL,03/01/2019,LAL vs. MIL,L,39,31,10,19,52.6,3,8,37.5,8,10,80,2,5,7,10,1,0,3,2,-4
Trae Young,ATL,03/01/2019,ATL vs. CHI,L,56,49,17,33,51.5,6,13,46.2,9,11,81.8,1,7,8,16,1,1,9,2,-9
Bojan Bogdanovic,IND,02/28/2019,IND vs. MIN,W,30,37,13,22,59.1,4,7,57.1,7,9,77.8,2,5,7,4,0,0,1,1,17
Tobias Harris,PHI,02/28/2019,PHI @ OKC,W,40,32,11,19,57.9,5,7,71.4,5,5,100,0,5,5,3,1,1,1,2,6
James Harden,HOU,02/28/2019,HOU vs. MIA,W,44,58,16,32,50,8,18,44.4,18,18,100,2,5,7,10,4,1,4,1,10
Karl-Anthony Towns,MIN,02/28/2019,MIN @ IND,L,34,42,15,29,51.7,3,8,37.5,9,13,69.2,6,11,17,4,0,0,4,5,-4
Stephen Curry,GSW,02/28/2019,GSW @ ORL,L,37,33,12,33,36.4,5,17,29.4,4,4,100,1,7,8,6,0,0,3,1,1
Kemba Walker,CHA,02/27/2019,CHA vs. HOU,L,37,35,12,22,54.5,4,11,36.4,7,8,87.5,0,4,4,4,5,0,6,5,14
John Collins,ATL,02/27/2019,ATL vs. MIN,W,33,34,13,21,61.9,2,4,50,6,6,100,1,7,8,0,0,0,3,4,9
James Harden,HOU,02/27/2019,HOU @ CHA,W,36,30,10,29,34.5,1,11,9.1,9,9,100,0,3,3,7,2,1,1,2,-14
Zach LaVine,CHI,02/27/2019,CHI @ MEM,W,35,30,12,19,63.2,2,4,50,4,4,100,1,4,5,4,1,1,3,1,2
Karl-Anthony Towns,MIN,02/27/2019,MIN @ ATL,L,41,37,12,19,63.2,5,9,55.6,8,13,61.5,5,13,18,3,0,2,1,6,2
Kyrie Irving,BOS,02/27/2019,BOS vs. POR,L,35,31,14,24,58.3,3,5,60,0,0,-0,1,4,5,3,0,1,4,3,-10
Damian Lillard,POR,02/27/2019,POR @ BOS,W,37,33,13,28,46.4,3,10,30,4,4,100,3,4,7,4,1,0,1,2,9
Buddy Hield,SAC,02/27/2019,SAC vs. MIL,L,41,32,10,29,34.5,3,11,27.3,9,9,100,3,3,6,3,3,0,1,3,3
Donovan Mitchell,UTA,02/27/2019,UTA vs. LAC,W,36,32,10,22,45.5,3,9,33.3,9,12,75,0,4,4,4,0,1,6,2,8
Klay Thompson,GSW,02/27/2019,GSW @ MIA,L,37,36,14,23,60.9,7,15,46.7,1,1,100,0,2,2,1,3,0,0,1,12
Julius Randle,NOP,02/27/2019,NOP @ LAL,L,40,35,11,22,50,2,7,28.6,11,12,91.7,1,5,6,3,1,1,2,4,-10
Bradley Beal,WAS,02/27/2019,WAS @ BKN,W,40,31,12,22,54.5,3,9,33.3,4,4,100,0,2,2,4,2,2,7,3,23
Trae Young,ATL,02/27/2019,ATL vs. MIN,W,43,36,9,22,40.9,2,5,40,16,17,94.1,1,7,8,10,0,0,3,2,21
LeBron James,LAL,02/27/2019,LAL vs. NOP,W,37,33,13,24,54.2,4,9,44.4,3,8,37.5,1,5,6,10,2,1,2,2,2
Nikola Jokic,DEN,02/26/2019,DEN vs. OKC,W,35,36,11,25,44,4,7,57.1,10,13,76.9,1,8,9,10,0,1,2,2,22
CJ McCollum,POR,02/25/2019,POR @ CLE,W,36,35,12,18,66.7,7,8,87.5,4,6,66.7,1,6,7,2,1,0,3,5,19
Brandon Ingram,LAL,02/25/2019,LAL @ MEM,L,38,32,12,18,66.7,3,3,100,5,6,83.3,0,6,6,4,1,1,3,5,2
Montrezl Harrell,LAC,02/25/2019,LAC vs. DAL,W,29,32,14,17,82.4,0,0,-0,4,5,80,2,3,5,5,0,2,1,2,14
Karl-Anthony Towns,MIN,02/25/2019,MIN vs. SAC,W,31,34,13,18,72.2,3,6,50,5,7,71.4,2,19,21,5,0,2,4,5,12
Trae Young,ATL,02/25/2019,ATL @ HOU,L,41,36,12,23,52.2,8,12,66.7,4,4,100,0,1,1,8,0,0,4,2,-1
Mike Conley,MEM,02/25/2019,MEM vs. LAL,W,32,30,10,17,58.8,3,6,50,7,8,87.5,2,0,2,5,1,0,2,0,-2
DeMar DeRozan,SAS,02/24/2019,SAS @ NYK,L,32,32,12,22,54.5,0,0,-0,8,10,80,0,9,9,4,1,1,0,4,-17
Russell Westbrook,OKC,02/23/2019,OKC vs. SAC,L,35,41,15,30,50,5,12,41.7,6,8,75,1,9,10,4,1,1,7,5,-1
Buddy Hield,SAC,02/23/2019,SAC @ OKC,W,36,34,12,22,54.5,3,5,60,7,9,77.8,0,5,5,4,1,1,3,1,3
Zach LaVine,CHI,02/23/2019,CHI vs. BOS,W,39,42,17,29,58.6,5,11,45.5,3,3,100,1,5,6,4,0,0,5,5,3
Kyrie Irving,BOS,02/23/2019,BOS @ CHI,L,41,37,14,24,58.3,3,6,50,6,6,100,1,4,5,10,1,1,2,3,4
Bradley Beal,WAS,02/23/2019,WAS vs. IND,L,41,35,12,22,54.5,3,8,37.5,8,8,100,1,2,3,6,2,0,2,3,-1
D'Angelo Russell,BKN,02/23/2019,BKN @ CHA,W,35,40,14,31,45.2,6,15,40,6,6,100,1,0,1,7,2,1,4,2,1
Kevin Love,CLE,02/23/2019,CLE vs. MEM,W,26,32,9,15,60,6,9,66.7,8,8,100,1,11,12,0,1,1,3,4,14
Lauri Markkanen,CHI,02/23/2019,CHI vs. BOS,W,37,35,12,20,60,3,7,42.9,8,9,88.9,3,12,15,2,1,0,1,1,6
Kemba Walker,CHA,02/23/2019,CHA vs. BKN,L,40,32,12,28,42.9,6,15,40,2,2,100,0,1,1,3,2,0,1,1,-5
Trae Young,ATL,02/22/2019,ATL vs. DET,L,37,30,11,23,47.8,5,11,45.5,3,3,100,0,3,3,10,0,0,4,2,-1
Donovan Mitchell,UTA,02/22/2019,UTA @ OKC,L,46,38,14,35,40,4,10,40,6,6,100,1,3,4,5,0,1,3,2,-16
Bradley Beal,WAS,02/22/2019,WAS @ CHA,L,42,46,16,25,64,4,10,40,10,10,100,1,5,6,7,0,1,1,4,-4
Reggie Jackson,DET,02/22/2019,DET @ ATL,W,35,32,12,22,54.5,3,9,33.3,5,6,83.3,0,5,5,8,2,0,0,2,16
Montrezl Harrell,LAC,02/22/2019,LAC @ MEM,W,26,30,11,14,78.6,0,2,0,8,10,80,0,3,3,1,0,0,3,4,11
Paul George,OKC,02/22/2019,OKC vs. UTA,W,50,45,17,31,54.8,5,13,38.5,6,6,100,1,8,9,7,1,0,0,3,-4
Russell Westbrook,OKC,02/22/2019,OKC vs. UTA,W,43,43,15,29,51.7,6,13,46.2,7,10,70,2,13,15,8,2,1,5,6,9
Stephen Curry,GSW,02/21/2019,GSW vs. SAC,W,36,36,12,23,52.2,10,16,62.5,2,2,100,0,6,6,7,2,0,3,1,6
Devin Booker,PHX,02/21/2019,PHX @ CLE,L,38,30,10,20,50,3,9,33.3,7,9,77.8,0,1,1,7,1,0,9,4,-12
Giannis Antetokounmpo,MIL,02/21/2019,MIL vs. BOS,W,37,30,11,19,57.9,1,2,50,7,10,70,2,11,13,6,1,2,4,2,-10
James Harden,HOU,02/21/2019,HOU @ LAL,L,37,30,11,24,45.8,2,10,20,6,7,85.7,0,6,6,6,1,1,8,6,-8
Jrue Holiday,NOP,02/14/2019,NOP vs. OKC,W,39,32,12,27,44.4,3,8,37.5,5,5,100,0,5,5,7,2,3,2,1,19
Russell Westbrook,OKC,02/14/2019,OKC @ NOP,L,39,44,18,30,60,4,12,33.3,4,4,100,3,11,14,11,1,2,5,3,-15
Julius Randle,NOP,02/14/2019,NOP vs. OKC,W,39,33,11,21,52.4,2,3,66.7,9,12,75,4,7,11,6,1,1,4,3,19
Kevin Durant,GSW,02/13/2019,GSW @ POR,L,33,32,12,17,70.6,3,4,75,5,6,83.3,2,2,4,2,0,3,1,4,-6
Blake Griffin,DET,02/13/2019,DET @ BOS,L,37,32,10,19,52.6,4,8,50,8,12,66.7,3,5,8,5,0,0,2,2,1
Otto Porter Jr.,CHI,02/13/2019,CHI vs. MEM,W,34,37,16,20,80,3,5,60,2,2,100,3,7,10,2,0,1,2,2,21
Pascal Siakam,TOR,02/13/2019,TOR vs. WAS,W,33,44,15,25,60,4,5,80,10,12,83.3,3,7,10,2,0,3,4,5,24
Stephen Curry,GSW,02/13/2019,GSW @ POR,L,33,32,10,24,41.7,5,14,35.7,7,7,100,1,6,7,2,0,0,1,2,-10
James Harden,HOU,02/13/2019,HOU @ MIN,L,40,42,15,34,44.1,8,22,36.4,4,4,100,2,3,5,6,0,0,6,2,-14
Lou Williams,LAC,02/13/2019,LAC vs. PHX,W,22,30,12,16,75,2,3,66.7,4,4,100,0,1,1,10,0,0,1,1,6
D'Angelo Russell,BKN,02/13/2019,BKN @ CLE,W,43,36,13,30,43.3,5,15,33.3,5,6,83.3,1,6,7,8,0,0,7,5,7
Jordan Clarkson,CLE,02/13/2019,CLE vs. BKN,L,48,42,16,34,47.1,7,17,41.2,3,3,100,3,5,8,5,1,1,5,2,-10
Giannis Antetokounmpo,MIL,02/13/2019,MIL @ IND,W,38,33,12,22,54.5,0,2,0,9,10,90,7,12,19,11,2,1,2,1,18
Avery Bradley,MEM,02/12/2019,MEM vs. SAS,L,38,33,15,21,71.4,3,5,60,0,0,-0,0,6,6,6,1,0,2,1,-1
Damian Lillard,POR,02/11/2019,POR @ OKC,L,37,31,9,22,40.9,3,8,37.5,10,11,90.9,1,6,7,6,2,1,4,4,8
Blake Griffin,DET,02/11/2019,DET vs. WAS,W,40,31,12,23,52.2,4,10,40,3,4,75,2,7,9,9,0,0,2,5,-2
James Harden,HOU,02/11/2019,HOU vs. DAL,W,36,31,9,23,39.1,6,17,35.3,7,7,100,1,7,8,7,5,0,5,1,8
Kemba Walker,CHA,02/11/2019,CHA @ IND,L,39,34,10,23,43.5,4,12,33.3,10,12,83.3,1,8,9,3,2,0,3,1,11
Paul George,OKC,02/11/2019,OKC vs. POR,W,43,47,15,26,57.7,8,13,61.5,9,11,81.8,1,11,12,10,2,0,2,4,14
Bradley Beal,WAS,02/11/2019,WAS @ DET,L,41,32,9,19,47.4,2,8,25,12,12,100,0,6,6,10,2,1,1,3,-20
Andre Drummond,DET,02/11/2019,DET vs. WAS,W,36,32,12,19,63.2,0,1,0,8,10,80,4,13,17,0,4,1,1,3,14
Lou Williams,LAC,02/11/2019,LAC @ MIN,L,34,45,13,25,52,3,8,37.5,16,16,100,0,1,1,4,1,0,7,3,7
Kawhi Leonard,TOR,02/11/2019,TOR vs. BKN,W,34,30,10,20,50,1,5,20,9,9,100,1,1,2,8,1,0,3,2,-7
Josh Richardson,MIA,02/10/2019,MIA @ GSW,L,37,37,14,22,63.6,8,11,72.7,1,1,100,0,1,1,5,1,0,2,1,8
Kyle Kuzma,LAL,02/10/2019,LAL @ PHI,L,32,39,14,21,66.7,5,8,62.5,6,7,85.7,1,2,3,1,0,0,1,1,-6
Joel Embiid,PHI,02/10/2019,PHI vs. LAL,W,32,37,12,16,75,2,3,66.7,11,12,91.7,0,14,14,3,1,0,3,2,23
Kevin Durant,GSW,02/10/2019,GSW vs. MIA,W,37,39,16,24,66.7,1,7,14.3,6,10,60,0,6,6,4,0,1,3,2,-1
Marvin Bagley III,SAC,02/10/2019,SAC vs. PHX,W,32,32,10,15,66.7,1,2,50,11,13,84.6,1,6,7,1,1,1,1,2,7
Damian Lillard,POR,02/10/2019,POR @ DAL,L,36,30,10,23,43.5,6,11,54.5,4,4,100,0,3,3,5,2,0,5,1,2
Kemba Walker,CHA,02/09/2019,CHA @ ATL,W,37,37,13,27,48.1,9,17,52.9,2,2,100,1,0,1,7,1,0,3,2,15
James Harden,HOU,02/09/2019,HOU vs. OKC,L,37,42,11,28,39.3,6,16,37.5,14,15,93.3,0,2,2,1,1,0,5,2,-9
Paul George,OKC,02/09/2019,OKC @ HOU,W,41,45,12,22,54.5,6,14,42.9,15,18,83.3,2,9,11,3,1,0,2,5,16
Bradley Beal,WAS,02/09/2019,WAS @ CHI,W,34,31,13,21,61.9,1,3,33.3,4,4,100,0,2,2,4,4,0,2,2,4
Bobby Portis,WAS,02/08/2019,WAS vs. CLE,W,27,30,12,18,66.7,4,6,66.7,2,2,100,2,4,6,2,1,0,2,3,19
Anthony Davis,NOP,02/08/2019,NOP vs. MIN,W,25,32,11,15,73.3,0,1,0,10,11,90.9,2,7,9,2,0,3,2,3,22
Karl-Anthony Towns,MIN,02/08/2019,MIN @ NOP,L,33,32,12,20,60,4,5,80,4,4,100,1,7,8,3,1,2,4,2,-15
Dennis Smith Jr.,NYK,02/08/2019,NYK @ DET,L,35,31,9,15,60,2,5,40,11,19,57.9,1,1,2,8,2,0,4,3,-18
Lauri Markkanen,CHI,02/08/2019,CHI @ BKN,W,38,31,11,18,61.1,4,7,57.1,5,6,83.3,2,16,18,0,0,2,3,3,17
JJ Redick,PHI,02/08/2019,PHI vs. DEN,W,33,34,11,15,73.3,6,7,85.7,6,7,85.7,0,3,3,3,0,0,3,0,14
Pascal Siakam,TOR,02/07/2019,TOR @ ATL,W,40,33,12,20,60,2,5,40,7,9,77.8,4,10,14,4,2,1,2,3,23
CJ McCollum,POR,02/07/2019,POR vs. SAS,W,34,30,10,21,47.6,7,13,53.8,3,3,100,0,9,9,2,2,2,0,1,16
Terrence Ross,ORL,02/07/2019,ORL vs. MIN,W,31,32,13,23,56.5,6,13,46.2,0,0,-0,0,5,5,1,0,0,1,0,8
Fred VanVleet,TOR,02/07/2019,TOR @ ATL,W,37,30,11,22,50,4,11,36.4,4,5,80,0,5,5,6,0,0,1,2,32
DeMar DeRozan,SAS,02/07/2019,SAS @ POR,L,35,35,14,28,50,0,0,-0,7,8,87.5,1,5,6,6,0,0,5,1,-15
Julius Randle,NOP,02/06/2019,NOP @ CHI,W,31,31,10,18,55.6,4,6,66.7,7,9,77.8,3,4,7,3,0,0,2,2,12
Lauri Markkanen,CHI,02/06/2019,CHI vs. NOP,L,41,30,10,19,52.6,5,10,50,5,5,100,2,8,10,2,0,0,2,3,6
Kemba Walker,CHA,02/06/2019,CHA @ DAL,L,37,30,10,22,45.5,4,11,36.4,6,6,100,2,9,11,6,2,0,4,2,0
Giannis Antetokounmpo,MIL,02/06/2019,MIL vs. WAS,W,31,43,17,21,81,3,3,100,6,11,54.5,2,4,6,4,3,0,4,4,2
James Harden,HOU,02/06/2019,HOU @ SAC,W,32,36,13,26,50,8,13,61.5,2,2,100,2,4,6,1,2,1,2,4,16
Bradley Beal,WAS,02/06/2019,WAS @ MIL,L,39,30,12,22,54.5,2,8,25,4,5,80,1,7,8,4,3,1,8,5,-20
CJ McCollum,POR,02/05/2019,POR vs. MIA,L,40,33,13,25,52,7,14,50,0,0,-0,1,4,5,2,1,0,2,3,-6
Kemba Walker,CHA,02/05/2019,CHA vs. LAC,L,39,32,11,23,47.8,5,10,50,5,5,100,1,4,5,9,3,0,0,1,3
Tobias Harris,LAC,02/05/2019,LAC @ CHA,W,36,34,13,21,61.9,6,7,85.7,2,3,66.7,1,6,7,5,0,0,6,2,-9
Lou Williams,LAC,02/05/2019,LAC @ CHA,W,32,31,10,23,43.5,5,6,83.3,6,6,100,0,3,3,6,0,1,1,2,18
Paul George,OKC,02/05/2019,OKC vs. ORL,W,36,39,9,26,34.6,6,15,40,15,16,93.8,1,7,8,3,3,0,5,5,14
Joel Embiid,PHI,02/05/2019,PHI vs. TOR,L,42,37,10,20,50,3,7,42.9,14,15,93.3,2,11,13,2,1,3,4,4,-9
Giannis Antetokounmpo,MIL,02/04/2019,MIL @ BKN,W,32,30,12,19,63.2,0,2,0,6,8,75,2,13,15,9,0,3,4,2,7
James Harden,HOU,02/04/2019,HOU @ PHX,W,38,44,15,26,57.7,5,13,38.5,9,11,81.8,0,8,8,6,3,1,3,3,19
Kyrie Irving,BOS,02/03/2019,BOS vs. OKC,W,37,30,14,19,73.7,1,5,20,1,1,100,1,3,4,11,0,1,4,5,5
Paul George,OKC,02/03/2019,OKC @ BOS,L,39,37,11,27,40.7,5,16,31.3,10,12,83.3,0,4,4,4,1,1,2,2,-6
Giannis Antetokounmpo,MIL,02/02/2019,MIL @ WAS,W,33,37,10,20,50,0,3,0,17,17,100,1,9,10,2,1,0,4,4,22
Kemba Walker,CHA,02/02/2019,CHA vs. CHI,W,37,37,10,23,43.5,4,9,44.4,13,14,92.9,1,5,6,10,1,0,0,3,14
Luka Doncic,DAL,02/02/2019,DAL @ CLE,W,33,35,13,25,52,4,11,36.4,5,7,71.4,1,10,11,6,1,0,2,4,8
John Collins,ATL,02/02/2019,ATL @ PHX,W,39,35,13,20,65,2,4,50,7,11,63.6,10,6,16,2,0,1,2,2,15
Lou Williams,LAC,02/02/2019,LAC @ DET,W,35,39,13,26,50,2,4,50,11,11,100,1,2,3,9,0,0,2,0,19
Devin Booker,PHX,02/02/2019,PHX vs. ATL,L,43,32,13,27,48.1,4,10,40,2,3,66.7,1,7,8,10,1,0,4,2,5
Karl-Anthony Towns,MIN,02/02/2019,MIN vs. DEN,L,37,31,12,19,63.2,2,5,40,5,9,55.6,3,9,12,7,2,1,3,3,2
Bojan Bogdanovic,IND,02/02/2019,IND @ MIA,W,38,31,13,19,68.4,3,7,42.9,2,2,100,0,7,7,1,1,0,1,1,22
James Harden,HOU,02/02/2019,HOU @ UTA,W,40,43,12,22,54.5,4,12,33.3,15,15,100,0,12,12,5,6,4,5,4,31
Bobby Portis,CHI,02/02/2019,CHI @ CHA,L,34,33,13,23,56.5,4,8,50,3,3,100,2,7,9,0,2,0,1,4,1
Buddy Hield,SAC,02/02/2019,SAC vs. PHI,W,35,34,12,21,57.1,7,13,53.8,3,4,75,1,5,6,3,1,0,2,4,20
Lauri Markkanen,CHI,02/02/2019,CHI @ CHA,L,33,30,8,13,61.5,1,5,20,13,13,100,2,7,9,1,0,0,2,5,-9
Malik Beasley,DEN,02/01/2019,DEN vs. HOU,W,41,35,12,17,70.6,5,9,55.6,6,7,85.7,0,2,2,3,1,0,2,3,19
Nikola Jokic,DEN,02/01/2019,DEN vs. HOU,W,31,31,12,15,80,1,2,50,6,6,100,4,9,13,9,1,0,2,4,14
James Harden,HOU,02/01/2019,HOU @ DEN,L,37,30,9,21,42.9,7,14,50,5,9,55.6,2,4,6,9,2,1,5,2,-24
Paul George,OKC,02/01/2019,OKC @ MIA,W,35,43,14,23,60.9,10,16,62.5,5,6,83.3,0,7,7,5,2,0,2,2,28
Stephen Curry,GSW,01/31/2019,GSW vs. PHI,L,38,41,14,27,51.9,10,18,55.6,3,4,75,1,3,4,6,1,0,6,1,-6
Terrence Ross,ORL,01/31/2019,ORL vs. IND,W,27,30,11,18,61.1,5,8,62.5,3,3,100,1,3,4,0,3,0,0,0,15
CJ McCollum,POR,01/30/2019,POR vs. UTA,W,30,30,12,17,70.6,3,5,60,3,4,75,0,3,3,1,2,1,3,2,19
Damian Lillard,POR,01/30/2019,POR vs. UTA,W,37,36,12,21,57.1,3,7,42.9,9,9,100,0,8,8,11,2,0,3,2,29
Paul George,OKC,01/29/2019,OKC @ ORL,W,39,37,14,24,58.3,2,5,40,7,9,77.8,2,4,6,4,3,0,0,3,16
Bradley Beal,WAS,01/29/2019,WAS @ CLE,L,36,31,10,20,50,3,9,33.3,8,9,88.9,1,3,4,7,0,0,1,0,-17
James Harden,HOU,01/29/2019,HOU vs. NOP,L,39,37,11,32,34.4,6,18,33.3,9,10,90,2,9,11,6,4,1,5,1,-5
D'Angelo Russell,BKN,01/29/2019,BKN vs. CHI,W,36,30,10,22,45.5,2,8,25,8,10,80,1,3,4,7,3,0,0,1,6
Devin Booker,PHX,01/29/2019,PHX @ SAS,L,40,38,14,19,73.7,3,6,50,7,7,100,0,5,5,7,2,0,6,1,0
Brandon Ingram,LAL,01/29/2019,LAL vs. PHI,L,39,36,16,20,80,0,0,-0,4,5,80,1,4,5,5,0,0,3,1,-14
Tobias Harris,LAC,01/28/2019,LAC vs. ATL,L,36,30,11,18,61.1,2,4,50,6,7,85.7,0,8,8,7,0,2,2,3,-1
Andrew Wiggins,MIN,01/27/2019,MIN vs. UTA,L,38,35,13,23,56.5,3,8,37.5,6,7,85.7,0,3,3,4,3,0,4,2,-6
Kawhi Leonard,TOR,01/27/2019,TOR @ DAL,W,35,33,10,23,43.5,3,8,37.5,10,11,90.9,1,9,10,3,0,0,0,1,0
LaMarcus Aldridge,SAS,01/27/2019,SAS vs. WAS,W,33,30,12,21,57.1,0,2,0,6,6,100,3,6,9,6,1,2,2,3,7
Luka Doncic,DAL,01/27/2019,DAL vs. TOR,L,36,35,14,24,58.3,3,9,33.3,4,6,66.7,2,10,12,10,0,0,3,3,-2
Paul George,OKC,01/27/2019,OKC vs. MIL,W,38,36,12,21,57.1,8,12,66.7,4,6,66.7,2,11,13,3,3,0,5,3,16
James Harden,HOU,01/27/2019,HOU vs. ORL,W,37,40,14,27,51.9,4,12,33.3,8,9,88.9,1,10,11,6,1,3,5,3,-1
Kevin Durant,GSW,01/26/2019,GSW @ BOS,W,39,33,10,23,43.5,1,4,25,12,13,92.3,0,9,9,3,0,2,4,3,12
Trae Young,ATL,01/26/2019,ATL @ POR,L,32,30,11,15,73.3,3,6,50,5,6,83.3,0,2,2,8,1,1,4,4,-5
Nikola Jokic,DEN,01/26/2019,DEN vs. PHI,W,34,32,12,22,54.5,2,3,66.7,6,7,85.7,6,12,18,10,1,0,1,1,16
Kyrie Irving,BOS,01/26/2019,BOS vs. GSW,L,40,32,12,27,44.4,4,10,40,4,4,100,3,3,6,10,2,0,4,4,0
Blake Griffin,DET,01/25/2019,DET @ DAL,L,40,35,12,24,50,3,9,33.3,8,11,72.7,3,4,7,4,1,0,6,2,2
Kawhi Leonard,TOR,01/25/2019,TOR @ HOU,L,39,32,11,19,57.9,3,6,50,7,7,100,1,6,7,5,2,0,6,2,5
Devin Booker,PHX,01/25/2019,PHX @ DEN,L,30,35,9,19,47.4,2,4,50,15,16,93.8,0,4,4,2,0,0,4,2,-20
Giannis Antetokounmpo,MIL,01/25/2019,MIL vs. CHA,W,38,34,14,21,66.7,0,2,0,6,8,75,1,13,14,3,3,3,2,5,5
Luka Doncic,DAL,01/25/2019,DAL vs. DET,W,35,32,9,19,47.4,3,9,33.3,11,13,84.6,1,7,8,8,2,1,4,3,2
Karl-Anthony Towns,MIN,01/25/2019,MIN @ UTA,L,29,33,12,19,63.2,2,5,40,7,7,100,4,6,10,4,1,3,3,5,11
James Harden,HOU,01/25/2019,HOU vs. TOR,W,40,35,9,25,36,2,13,15.4,15,15,100,0,2,2,7,0,1,4,2,-8
Lou Williams,LAC,01/25/2019,LAC @ CHI,W,32,31,9,19,47.4,2,6,33.3,11,13,84.6,0,10,10,10,1,1,3,0,3
Stephen Curry,GSW,01/24/2019,GSW @ WAS,W,35,38,14,24,58.3,2,8,25,8,8,100,0,4,4,3,0,1,3,2,13
James Harden,HOU,01/23/2019,HOU @ NYK,W,40,61,17,38,44.7,5,20,25,22,25,88,6,9,15,4,5,0,5,3,19
Tobias Harris,LAC,01/23/2019,LAC @ MIA,W,39,31,12,19,63.2,2,4,50,5,5,100,0,7,7,6,1,0,3,1,7
Allonzo Trier,NYK,01/23/2019,NYK vs. HOU,L,33,31,12,18,66.7,2,4,50,5,5,100,2,8,10,3,1,0,3,4,19
Donovan Mitchell,UTA,01/23/2019,UTA vs. DEN,W,38,35,12,25,48,6,10,60,5,9,55.6,2,4,6,6,2,2,2,3,21
Joel Embiid,PHI,01/23/2019,PHI vs. SAS,W,37,33,13,28,46.4,2,4,50,5,6,83.3,7,12,19,3,0,1,3,3,12
Blake Griffin,DET,01/23/2019,DET @ NOP,W,38,37,14,28,50,4,9,44.4,5,6,83.3,2,7,9,7,1,0,1,2,7
John Collins,ATL,01/23/2019,ATL @ CHI,W,29,35,14,16,87.5,4,4,100,3,3,100,3,5,8,2,2,0,2,4,33
Mike Conley,MEM,01/23/2019,MEM vs. CHA,L,36,31,10,17,58.8,2,5,40,9,9,100,0,2,2,1,1,0,3,3,-8
Damian Lillard,POR,01/22/2019,POR @ OKC,L,40,34,12,24,50,2,10,20,8,8,100,1,4,5,8,5,0,5,4,3
Paul George,OKC,01/22/2019,OKC vs. POR,W,38,36,10,21,47.6,3,6,50,13,15,86.7,2,6,8,4,5,1,3,2,16
CJ McCollum,POR,01/22/2019,POR @ OKC,L,38,31,11,23,47.8,7,12,58.3,2,2,100,1,2,3,3,0,1,4,0,-7
Donovan Mitchell,UTA,01/21/2019,UTA vs. POR,L,34,36,12,28,42.9,2,8,25,10,12,83.3,2,5,7,5,1,0,4,4,-7
D'Angelo Russell,BKN,01/21/2019,BKN vs. SAC,W,32,31,12,25,48,7,14,50,0,0,-0,1,3,4,8,1,1,0,0,28
Giannis Antetokounmpo,MIL,01/21/2019,MIL vs. DAL,W,36,31,10,20,50,1,2,50,10,12,83.3,3,12,15,5,0,0,5,4,10
Paul George,OKC,01/21/2019,OKC @ NYK,W,31,31,9,18,50,4,9,44.4,9,9,100,0,4,4,4,1,0,0,4,19
Klay Thompson,GSW,01/21/2019,GSW @ LAL,W,27,44,17,20,85,10,11,90.9,0,0,-0,0,3,3,2,0,1,2,2,29
Joel Embiid,PHI,01/21/2019,PHI vs. HOU,W,27,32,9,16,56.3,0,1,0,14,17,82.4,3,11,14,2,2,3,2,3,21
James Harden,HOU,01/21/2019,HOU @ PHI,L,31,37,12,26,46.2,6,13,46.2,7,8,87.5,2,4,6,3,1,2,6,4,-23
LaMarcus Aldridge,SAS,01/20/2019,SAS vs. LAC,L,33,30,13,21,61.9,1,1,100,3,5,60,6,8,14,2,0,2,2,0,-3
Derrick Rose,MIN,01/20/2019,MIN vs. PHX,W,38,31,12,24,50,0,4,0,7,9,77.8,0,4,4,3,0,0,1,1,1
Karl-Anthony Towns,MIN,01/20/2019,MIN vs. PHX,W,39,30,8,22,36.4,1,5,20,13,13,100,7,5,12,4,4,1,4,2,1
James Harden,HOU,01/19/2019,HOU vs. LAL,W,42,48,14,30,46.7,8,19,42.1,12,15,80,3,5,8,6,4,1,6,3,11
Devin Booker,PHX,01/19/2019,PHX @ CHA,L,38,32,10,23,43.5,2,7,28.6,10,12,83.3,1,1,2,11,0,0,0,0,0
Joel Embiid,PHI,01/19/2019,PHI vs. OKC,L,34,31,11,19,57.9,1,5,20,8,12,66.7,2,6,8,6,0,1,3,3,17
Buddy Hield,SAC,01/19/2019,SAC @ DET,W,38,35,13,22,59.1,7,9,77.8,2,2,100,3,6,9,3,0,1,1,3,10
Eric Bledsoe,MIL,01/19/2019,MIL @ ORL,W,31,30,12,14,85.7,2,3,66.7,4,5,80,0,7,7,2,0,0,0,1,24
Kyle Kuzma,LAL,01/19/2019,LAL @ HOU,L,44,32,12,19,63.2,4,9,44.4,4,5,80,2,6,8,3,2,0,3,5,-8
Kyrie Irving,BOS,01/19/2019,BOS @ ATL,W,37,32,11,19,57.9,5,8,62.5,5,5,100,1,2,3,5,1,0,4,1,5
Eric Gordon,HOU,01/19/2019,HOU vs. LAL,W,32,30,7,16,43.8,5,10,50,11,12,91.7,1,4,5,4,0,0,2,2,9
Paul George,OKC,01/19/2019,OKC @ PHI,W,40,31,8,20,40,4,9,44.4,11,11,100,0,6,6,5,3,0,1,2,17
Blake Griffin,DET,01/19/2019,DET vs. SAC,L,38,38,12,23,52.2,1,4,25,13,15,86.7,3,3,6,3,3,0,5,4,-14
D'Angelo Russell,BKN,01/18/2019,BKN @ ORL,W,33,40,16,25,64,8,12,66.7,0,0,-0,1,1,2,7,1,0,1,1,10
Kyrie Irving,BOS,01/18/2019,BOS vs. MEM,W,36,38,14,21,66.7,4,6,66.7,6,9,66.7,1,6,7,11,0,1,3,3,4
Blake Griffin,DET,01/18/2019,DET vs. MIA,W,37,32,10,24,41.7,3,9,33.3,9,11,81.8,2,9,11,9,1,0,5,3,-1
Devin Booker,PHX,01/17/2019,PHX @ TOR,L,35,30,10,21,47.6,4,9,44.4,6,9,66.7,0,2,2,8,0,0,6,3,2
Kyle Kuzma,LAL,01/17/2019,LAL @ OKC,W,36,32,11,20,55,7,12,58.3,3,3,100,1,7,8,4,3,0,4,4,-4
Spencer Dinwiddie,BKN,01/16/2019,BKN @ HOU,W,32,33,13,22,59.1,4,8,50,3,4,75,0,2,2,10,0,0,4,4,5
Blake Griffin,DET,01/16/2019,DET vs. ORL,W,40,30,11,18,61.1,1,2,50,7,10,70,0,4,4,5,0,2,2,2,0
Stephen Curry,GSW,01/16/2019,GSW vs. NOP,W,35,41,11,22,50,9,17,52.9,10,10,100,1,4,5,3,1,0,2,3,20
Kevin Durant,GSW,01/16/2019,GSW vs. NOP,W,38,30,10,24,41.7,5,10,50,5,5,100,2,13,15,4,2,1,3,3,16
Kawhi Leonard,TOR,01/16/2019,TOR @ BOS,L,36,33,10,19,52.6,2,8,25,11,11,100,0,4,4,2,4,0,1,0,-3
James Harden,HOU,01/16/2019,HOU vs. BKN,L,45,58,16,34,47.1,5,19,26.3,21,23,91.3,1,9,10,6,1,1,4,5,-8
Anthony Davis,NOP,01/16/2019,NOP @ GSW,L,41,30,11,26,42.3,1,4,25,7,8,87.5,3,15,18,7,1,3,2,2,-12
Damian Lillard,POR,01/16/2019,POR vs. CLE,W,32,33,11,19,57.9,4,6,66.7,7,7,100,0,2,2,6,0,0,0,2,23
Joel Embiid,PHI,01/15/2019,PHI vs. MIN,W,27,31,10,17,58.8,4,6,66.7,7,8,87.5,1,12,13,3,0,1,4,4,20
Russell Westbrook,OKC,01/15/2019,OKC @ ATL,L,36,31,10,21,47.6,0,3,0,11,14,78.6,2,4,6,11,5,0,2,2,1
Klay Thompson,GSW,01/15/2019,GSW @ DEN,W,25,31,13,19,68.4,5,8,62.5,0,0,-0,1,2,3,1,3,0,1,3,17
Stephen Curry,GSW,01/15/2019,GSW @ DEN,W,30,31,10,18,55.6,8,13,61.5,3,3,100,1,5,6,4,0,0,3,2,25
Jayson Tatum,BOS,01/14/2019,BOS @ BKN,L,36,34,12,19,63.2,3,5,60,7,11,63.6,0,5,5,3,1,3,0,3,-13
Damian Lillard,POR,01/14/2019,POR @ SAC,L,37,35,11,27,40.7,4,12,33.3,9,9,100,1,2,3,5,1,0,6,1,6
James Harden,HOU,01/14/2019,HOU vs. MEM,W,34,57,17,33,51.5,6,15,40,17,18,94.4,2,7,9,2,2,1,5,4,25
Kemba Walker,CHA,01/14/2019,CHA @ SAS,W,37,33,13,27,48.1,7,13,53.8,0,0,-0,1,3,4,5,2,0,1,1,16
Anthony Davis,NOP,01/14/2019,NOP @ LAC,W,39,46,16,34,47.1,2,5,40,12,12,100,5,11,16,4,3,1,1,4,1
D'Angelo Russell,BKN,01/14/2019,BKN vs. BOS,W,37,34,13,26,50,7,13,53.8,1,2,50,1,4,5,7,1,1,5,2,2
Kevin Knox II,NYK,01/13/2019,NYK vs. PHI,L,44,31,12,23,52.2,4,9,44.4,3,4,75,0,7,7,0,2,0,4,4,11
James Harden,HOU,01/13/2019,HOU @ ORL,L,43,38,11,32,34.4,1,17,5.9,15,16,93.8,2,7,9,12,4,0,4,3,0
Giannis Antetokounmpo,MIL,01/13/2019,MIL @ ATL,W,31,33,9,17,52.9,1,3,33.3,14,19,73.7,2,4,6,4,3,1,4,3,20
Stephen Curry,GSW,01/13/2019,GSW @ DAL,W,37,48,17,32,53.1,11,19,57.9,3,3,100,3,3,6,5,1,2,0,5,9
Bradley Beal,WAS,01/13/2019,WAS vs. TOR,L,55,43,17,36,47.2,6,12,50,3,7,42.9,2,8,10,15,3,2,4,3,4
Kawhi Leonard,TOR,01/13/2019,TOR @ WAS,W,45,41,15,29,51.7,3,6,50,8,9,88.9,6,5,11,5,3,2,3,3,-1
Nikola Jokic,DEN,01/13/2019,DEN vs. POR,W,37,40,15,23,65.2,4,7,57.1,6,8,75,1,9,10,8,0,0,3,4,15
Blake Griffin,DET,01/12/2019,DET @ LAC,W,40,44,13,23,56.5,5,13,38.5,13,14,92.9,0,8,8,5,3,1,4,4,11
Anthony Davis,NOP,01/12/2019,NOP @ MIN,L,36,30,10,22,45.5,2,5,40,8,9,88.9,4,10,14,2,0,1,3,5,1
Kemba Walker,CHA,01/12/2019,CHA @ SAC,L,34,31,11,24,45.8,3,12,25,6,8,75,0,1,1,4,1,0,6,2,-2
Donovan Mitchell,UTA,01/12/2019,UTA vs. CHI,W,38,34,11,24,45.8,4,13,30.8,8,10,80,0,6,6,6,0,2,2,2,20
Bradley Beal,WAS,01/11/2019,WAS vs. MIL,W,39,32,11,21,52.4,3,4,75,7,7,100,2,3,5,7,3,1,2,3,7
James Harden,HOU,01/11/2019,HOU vs. CLE,W,30,43,12,24,50,8,16,50,11,11,100,0,10,10,12,2,2,4,2,28
Jimmy Butler,PHI,01/11/2019,PHI vs. ATL,L,40,30,9,19,47.4,0,1,0,12,14,85.7,2,2,4,5,3,0,4,3,1
Klay Thompson,GSW,01/11/2019,GSW vs. CHI,W,25,30,10,18,55.6,7,11,63.6,3,4,75,0,2,2,1,2,0,0,2,30
Donovan Mitchell,UTA,01/11/2019,UTA vs. LAL,W,33,33,14,24,58.3,4,5,80,1,2,50,0,4,4,9,1,2,3,3,18
Karl-Anthony Towns,MIN,01/11/2019,MIN vs. DAL,L,30,30,12,21,57.1,1,3,33.3,5,5,100,3,8,11,2,0,4,0,5,14
CJ McCollum,POR,01/11/2019,POR vs. CHA,W,29,30,12,20,60,5,11,45.5,1,1,100,1,5,6,2,1,0,1,3,26
LaMarcus Aldridge,SAS,01/10/2019,SAS vs. OKC,W,49,56,20,33,60.6,0,0,-0,16,16,100,4,5,9,4,0,4,5,2,7
Paul George,OKC,01/10/2019,OKC @ SAS,L,47,30,11,25,44,3,7,42.9,5,7,71.4,1,7,8,1,3,0,2,0,-16
John Collins,ATL,01/09/2019,ATL @ BKN,L,35,30,12,21,57.1,1,2,50,5,6,83.3,9,5,14,1,1,0,3,2,-14
James Harden,HOU,01/09/2019,HOU vs. MIL,L,41,42,13,30,43.3,6,16,37.5,10,11,90.9,1,10,11,6,2,1,9,4,2
Luka Doncic,DAL,01/09/2019,DAL vs. PHX,W,36,30,8,14,57.1,4,9,44.4,10,16,62.5,0,5,5,5,3,0,4,1,10
Anthony Davis,NOP,01/09/2019,NOP vs. CLE,W,37,38,11,17,64.7,1,1,100,15,16,93.8,6,7,13,7,2,4,1,1,12
Kyle Kuzma,LAL,01/09/2019,LAL vs. DET,W,29,41,16,24,66.7,5,10,50,4,6,66.7,1,1,2,0,0,0,2,2,14
Bradley Beal,WAS,01/09/2019,WAS vs. PHI,W,37,34,13,21,61.9,6,11,54.5,2,2,100,1,1,2,5,1,1,4,3,9
Joel Embiid,PHI,01/09/2019,PHI @ WAS,L,34,35,11,17,64.7,1,4,25,12,14,85.7,4,10,14,2,1,3,7,3,-25
Donovan Mitchell,UTA,01/09/2019,UTA vs. ORL,W,37,33,12,21,57.1,4,7,57.1,5,6,83.3,0,4,4,7,1,0,2,4,0
Klay Thompson,GSW,01/08/2019,GSW vs. NYK,W,34,43,18,29,62.1,7,16,43.8,0,0,-0,1,1,2,0,2,2,1,1,31
Kawhi Leonard,TOR,01/08/2019,TOR vs. ATL,W,35,31,11,18,61.1,3,6,50,6,7,85.7,1,3,4,6,6,1,1,2,10
Andrew Wiggins,MIN,01/08/2019,MIN @ OKC,W,38,40,11,24,45.8,2,4,50,16,18,88.9,3,7,10,4,1,1,1,5,-3
James Harden,HOU,01/07/2019,HOU vs. DEN,W,40,32,7,18,38.9,6,15,40,12,15,80,0,5,5,14,1,1,6,4,23
Blake Griffin,DET,01/07/2019,DET vs. SAS,L,37,34,13,21,61.9,2,5,40,6,6,100,0,2,2,8,0,0,3,1,4
Anthony Davis,NOP,01/07/2019,NOP vs. MEM,W,35,36,14,20,70,0,1,0,8,12,66.7,1,12,13,3,2,3,2,2,24
Giannis Antetokounmpo,MIL,01/07/2019,MIL vs. UTA,W,35,30,13,30,43.3,0,4,0,4,6,66.7,3,7,10,2,1,2,1,6,7
Clint Capela,HOU,01/07/2019,HOU vs. DEN,W,37,31,13,18,72.2,0,0,-0,5,7,71.4,1,8,9,2,2,0,0,3,26
Kawhi Leonard,TOR,01/05/2019,TOR @ MIL,W,38,30,8,16,50,2,3,66.7,12,15,80,0,7,7,6,5,0,2,1,21
Giannis Antetokounmpo,MIL,01/05/2019,MIL vs. TOR,L,40,43,16,25,64,3,5,60,8,11,72.7,1,17,18,4,1,0,6,2,-8
James Harden,HOU,01/05/2019,HOU @ POR,L,37,38,13,35,37.1,5,17,29.4,7,7,100,0,5,5,7,1,1,7,4,-14
Pascal Siakam,TOR,01/05/2019,TOR @ MIL,W,39,30,11,15,73.3,3,5,60,5,7,71.4,2,2,4,3,0,2,0,4,16
Stephen Curry,GSW,01/05/2019,GSW @ SAC,W,38,42,14,26,53.8,10,20,50,4,4,100,0,5,5,2,2,0,6,2,12
Buddy Hield,SAC,01/05/2019,SAC vs. GSW,L,35,32,12,21,57.1,8,13,61.5,0,0,-0,3,2,5,4,0,0,0,4,-2
Nikola Jokic,DEN,01/05/2019,DEN vs. CHA,W,34,39,16,29,55.2,3,9,33.3,4,5,80,8,4,12,6,3,1,2,1,8
Blake Griffin,DET,01/05/2019,DET vs. UTA,L,39,34,13,21,61.9,3,7,42.9,5,6,83.3,2,8,10,5,2,0,3,2,8
Zach LaVine,CHI,01/04/2019,CHI vs. IND,L,35,31,12,21,57.1,5,9,55.6,2,2,100,1,4,5,3,2,0,4,4,2
Russell Westbrook,OKC,01/04/2019,OKC @ POR,W,37,31,13,28,46.4,0,2,0,5,6,83.3,0,9,9,7,1,0,3,3,7
Paul George,OKC,01/04/2019,OKC @ POR,W,37,37,10,23,43.5,5,9,55.6,12,14,85.7,0,8,8,2,1,0,3,1,8
Mike Conley,MEM,01/04/2019,MEM vs. BKN,L,38,31,10,20,50,3,6,50,8,9,88.9,0,3,3,2,4,0,2,2,-1
Victor Oladipo,IND,01/04/2019,IND @ CHI,W,37,36,14,28,50,4,13,30.8,4,5,80,0,7,7,4,3,1,2,2,-7
Bradley Beal,WAS,01/04/2019,WAS @ MIA,L,40,33,10,25,40,4,11,36.4,9,11,81.8,2,7,9,7,0,0,5,1,-8
Jamal Murray,DEN,01/03/2019,DEN @ SAC,W,37,36,12,24,50,6,12,50,6,10,60,3,4,7,6,1,0,4,3,10
James Harden,HOU,01/03/2019,HOU @ GSW,W,44,44,13,32,40.6,10,23,43.5,8,9,88.9,2,8,10,15,1,2,7,4,5
Stephen Curry,GSW,01/03/2019,GSW vs. HOU,L,40,35,14,27,51.9,5,15,33.3,2,3,66.7,0,3,3,6,0,0,5,4,3
Anthony Davis,NOP,01/02/2019,NOP @ BKN,L,42,34,12,25,48,2,6,33.3,8,10,80,5,21,26,4,1,3,1,3,4
Paul George,OKC,01/02/2019,OKC @ LAL,W,34,37,15,29,51.7,2,11,18.2,5,7,71.4,2,2,4,2,4,0,1,3,3
Devin Booker,PHX,01/02/2019,PHX vs. PHI,L,35,37,10,22,45.5,2,7,28.6,15,17,88.2,1,1,2,8,0,0,3,4,-14
Gordon Hayward,BOS,01/02/2019,BOS vs. MIN,W,32,35,14,18,77.8,4,7,57.1,3,3,100,0,1,1,5,0,0,2,1,-7
Joel Embiid,PHI,01/02/2019,PHI @ PHX,W,36,42,12,23,52.2,1,1,100,17,19,89.5,4,14,18,2,3,2,4,3,6
Andrew Wiggins,MIN,01/02/2019,MIN @ BOS,L,43,31,10,18,55.6,2,5,40,9,12,75,0,2,2,3,0,0,1,3,-14
Kawhi Leonard,TOR,01/01/2019,TOR vs. UTA,W,35,45,16,22,72.7,0,3,0,13,17,76.5,0,6,6,1,0,0,2,2,8
Jae Crowder,UTA,01/01/2019,UTA @ TOR,L,27,30,9,15,60,5,7,71.4,7,7,100,0,6,6,0,0,0,1,3,14
Russell Westbrook,OKC,12/31/2018,OKC vs. DAL,W,35,32,13,24,54.2,0,1,0,6,6,100,0,11,11,11,4,0,5,4,22
Stephen Curry,GSW,12/31/2018,GSW @ PHX,W,32,34,11,17,64.7,5,9,55.6,7,7,100,1,8,9,4,1,0,3,2,15
James Harden,HOU,12/31/2018,HOU vs. MEM,W,41,43,8,19,42.1,6,12,50,21,27,77.8,1,9,10,13,2,0,9,3,21
Julius Randle,NOP,12/31/2018,NOP vs. MIN,W,38,33,13,23,56.5,2,4,50,5,6,83.3,3,7,10,3,0,0,0,5,-6
Jaylen Brown,BOS,12/31/2018,BOS @ SAS,L,31,30,10,15,66.7,3,5,60,7,8,87.5,1,3,4,2,0,2,0,0,-2
LaMarcus Aldridge,SAS,12/31/2018,SAS vs. BOS,W,36,32,13,23,56.5,0,0,-0,6,7,85.7,3,6,9,5,1,2,2,1,15
Karl-Anthony Towns,MIN,12/30/2018,MIN @ MIA,W,37,34,12,24,50,3,6,50,7,9,77.8,10,8,18,7,3,6,3,6,15
Paul George,OKC,12/30/2018,OKC @ DAL,L,37,36,12,24,50,3,11,27.3,9,12,75,3,2,5,0,2,0,3,4,-14
CJ McCollum,POR,12/30/2018,POR vs. PHI,W,28,35,13,18,72.2,4,7,57.1,5,5,100,1,2,3,3,0,0,0,3,25
Damian Lillard,POR,12/29/2018,POR vs. GSW,L,39,40,14,23,60.9,6,13,46.2,6,7,85.7,1,1,2,5,1,0,3,5,3
LaMarcus Aldridge,SAS,12/29/2018,SAS @ LAC,W,36,38,14,23,60.9,0,1,0,10,12,83.3,3,4,7,2,0,2,2,4,19
Kemba Walker,CHA,12/29/2018,CHA @ WAS,L,36,47,18,29,62.1,6,9,66.7,5,8,62.5,1,3,4,4,1,1,1,2,-4
Shabazz Napier,BKN,12/29/2018,BKN @ MIL,L,33,32,9,15,60,4,7,57.1,10,12,83.3,1,3,4,7,1,0,1,1,-10
Deandre Ayton,PHX,12/29/2018,PHX vs. DEN,L,39,33,16,20,80,0,0,-0,1,3,33.3,10,4,14,1,4,0,0,2,0
Giannis Antetokounmpo,MIL,12/29/2018,MIL vs. BKN,W,34,31,13,17,76.5,2,3,66.7,3,5,60,2,8,10,10,2,3,4,2,7
Jamal Murray,DEN,12/29/2018,DEN @ PHX,W,40,46,16,24,66.7,9,11,81.8,5,6,83.3,0,6,6,8,0,1,5,2,6
James Harden,HOU,12/29/2018,HOU @ NOP,W,37,41,10,25,40,7,17,41.2,14,14,100,3,6,9,6,3,2,7,4,-6
Klay Thompson,GSW,12/29/2018,GSW @ POR,W,34,32,12,21,57.1,4,5,80,4,4,100,0,4,4,1,1,0,0,1,1
Karl-Anthony Towns,MIN,12/28/2018,MIN vs. ATL,L,43,31,10,17,58.8,1,4,25,10,15,66.7,7,12,19,5,1,3,4,3,1
Jamal Murray,DEN,12/28/2018,DEN vs. SAS,W,40,31,13,27,48.1,4,7,57.1,1,2,50,4,2,6,3,1,0,4,0,0
Anthony Davis,NOP,12/28/2018,NOP vs. DAL,W,43,48,20,32,62.5,0,2,0,8,11,72.7,7,10,17,4,2,2,1,3,2
Luka Doncic,DAL,12/28/2018,DAL @ NOP,L,34,34,10,16,62.5,7,10,70,7,13,53.8,1,1,2,3,0,0,4,0,4
Nikola Vucevic,ORL,12/28/2018,ORL vs. TOR,W,33,30,12,17,70.6,0,1,0,6,8,75,4,15,19,8,2,1,1,1,33
Russell Westbrook,OKC,12/28/2018,OKC @ PHX,W,39,40,17,29,58.6,3,7,42.9,3,6,50,2,10,12,8,0,0,6,3,6
Bradley Beal,WAS,12/28/2018,WAS vs. CHI,L,38,34,13,27,48.1,4,10,40,4,5,80,3,4,7,5,2,0,3,3,-5
D'Angelo Russell,BKN,12/28/2018,BKN @ CHA,L,34,33,13,24,54.2,2,8,25,5,5,100,0,4,4,2,0,1,2,2,-13
Lou Williams,LAC,12/28/2018,LAC @ LAL,W,31,36,11,18,61.1,3,3,100,11,11,100,0,7,7,3,0,0,1,1,18
James Harden,HOU,12/27/2018,HOU vs. BOS,W,39,45,11,26,42.3,9,18,50,14,17,82.4,0,2,2,6,0,1,6,2,3
Kyle Kuzma,LAL,12/27/2018,LAL @ SAC,L,40,33,12,24,50,2,8,25,7,9,77.8,0,9,9,4,0,0,6,2,-13
Giannis Antetokounmpo,MIL,12/27/2018,MIL vs. NYK,W,35,31,10,20,50,1,4,25,10,14,71.4,2,12,14,8,1,4,6,3,-2
Kent Bazemore,ATL,12/26/2018,ATL vs. IND,L,31,32,14,25,56,4,9,44.4,0,2,0,1,0,1,4,2,1,1,4,6
Spencer Dinwiddie,BKN,12/26/2018,BKN vs. CHA,W,41,37,12,29,41.4,7,16,43.8,6,8,75,0,2,2,11,0,0,1,1,7
Kemba Walker,CHA,12/26/2018,CHA @ BKN,L,44,35,13,26,50,4,9,44.4,5,6,83.3,0,6,6,5,2,0,2,3,-8
Jeremy Lamb,CHA,12/26/2018,CHA @ BKN,L,49,31,11,18,61.1,3,3,100,6,7,85.7,2,4,6,3,2,0,0,1,1
Anthony Davis,NOP,12/26/2018,NOP @ DAL,L,34,32,14,26,53.8,1,5,20,3,5,60,3,15,18,2,1,1,2,4,-12
DeMar DeRozan,SAS,12/26/2018,SAS vs. DEN,W,38,30,9,17,52.9,1,2,50,11,14,78.6,1,6,7,5,2,1,2,3,15
Devin Booker,PHX,12/26/2018,PHX @ ORL,W,40,35,13,24,54.2,5,8,62.5,4,5,80,0,7,7,8,2,1,5,3,-3
Kawhi Leonard,TOR,12/26/2018,TOR @ MIA,W,35,30,9,20,45,2,5,40,10,11,90.9,3,5,8,2,2,0,2,0,-1
Kyrie Irving,BOS,12/25/2018,BOS vs. PHI,W,40,40,17,33,51.5,5,10,50,1,1,100,4,6,10,2,1,0,2,3,19
James Harden,HOU,12/25/2018,HOU vs. OKC,W,39,41,15,35,42.9,5,16,31.3,6,7,85.7,2,4,6,7,2,1,6,3,4
Joel Embiid,PHI,12/25/2018,PHI @ BOS,L,40,34,10,17,58.8,2,4,50,12,12,100,0,16,16,2,0,2,5,2,2
Giannis Antetokounmpo,MIL,12/25/2018,MIL @ NYK,W,35,30,13,21,61.9,0,2,0,4,7,57.1,2,12,14,3,4,2,2,3,15
Damian Lillard,POR,12/23/2018,POR vs. DAL,W,39,33,11,24,45.8,2,7,28.6,9,9,100,0,2,2,7,0,1,2,3,0
Stephen Curry,GSW,12/23/2018,GSW vs. LAC,W,36,42,12,22,54.5,6,15,40,12,13,92.3,3,3,6,2,1,0,0,4,8
Lauri Markkanen,CHI,12/23/2018,CHI @ CLE,W,32,31,11,18,61.1,5,10,50,4,4,100,0,4,4,3,0,0,0,2,11
Kevin Durant,GSW,12/23/2018,GSW vs. LAC,W,38,35,10,19,52.6,3,7,42.9,12,15,80,0,12,12,5,1,3,1,2,13
Andrew Wiggins,MIN,12/23/2018,MIN @ OKC,W,42,30,11,20,55,2,4,50,6,10,60,1,5,6,5,0,0,4,4,-8
Tobias Harris,LAC,12/23/2018,LAC @ GSW,L,38,32,12,21,57.1,6,7,85.7,2,2,100,1,8,9,2,0,0,1,2,-8
Paul George,OKC,12/23/2018,OKC vs. MIN,L,39,31,11,24,45.8,3,6,50,6,6,100,1,11,12,3,1,0,3,3,7
Thomas Bryant,WAS,12/22/2018,WAS vs. PHX,W,36,31,14,14,100,0,0,-0,3,3,100,4,9,13,2,0,0,1,3,12
James Harden,HOU,12/22/2018,HOU vs. SAS,W,41,39,12,34,35.3,7,19,36.8,8,9,88.9,2,2,4,10,2,0,3,4,14
Bradley Beal,WAS,12/22/2018,WAS vs. PHX,W,54,40,17,33,51.5,4,12,33.3,2,2,100,6,5,11,15,0,1,8,5,6
Devin Booker,PHX,12/22/2018,PHX @ WAS,L,55,33,12,28,42.9,2,12,16.7,7,8,87.5,3,1,4,14,1,1,4,5,-1
Paul George,OKC,12/22/2018,OKC @ UTA,W,40,43,15,25,60,5,10,50,8,10,80,1,13,14,6,5,1,3,1,8
Anthony Davis,NOP,12/21/2018,NOP @ LAL,L,39,30,12,23,52.2,1,4,25,5,8,62.5,5,15,20,5,0,1,1,2,-9
Lauri Markkanen,CHI,12/21/2018,CHI vs. ORL,W,37,32,12,20,60,4,6,66.7,4,4,100,0,6,6,3,0,1,2,5,2
Emmanuel Mudiay,NYK,12/21/2018,NYK vs. ATL,L,34,32,12,20,60,3,7,42.9,5,7,71.4,0,1,1,4,1,0,3,3,-6
Giannis Antetokounmpo,MIL,12/21/2018,MIL @ BOS,W,33,30,8,13,61.5,1,3,33.3,13,17,76.5,3,5,8,5,0,3,4,3,14
Kawhi Leonard,TOR,12/21/2018,TOR vs. CLE,W,32,37,12,16,75,2,4,50,11,12,91.7,2,4,6,1,1,0,1,1,11
Luka Doncic,DAL,12/20/2018,DAL @ LAC,L,31,32,10,20,50,3,6,50,9,13,69.2,4,0,4,5,4,0,4,3,-1
James Harden,HOU,12/20/2018,HOU @ MIA,L,43,35,7,23,30.4,6,14,42.9,15,18,83.3,1,5,6,12,2,0,3,4,6
Danilo Gallinari,LAC,12/20/2018,LAC vs. DAL,W,34,32,11,16,68.8,3,6,50,7,7,100,1,5,6,4,0,2,3,2,6
Paul George,OKC,12/19/2018,OKC @ SAC,W,38,43,15,27,55.6,4,8,50,9,10,90,2,10,12,7,0,0,5,3,29
Kemba Walker,CHA,12/19/2018,CHA vs. CLE,W,38,30,11,26,42.3,4,12,33.3,4,5,80,2,1,3,6,2,1,1,2,13
Reggie Bullock,DET,12/19/2018,DET @ MIN,W,43,33,12,21,57.1,7,12,58.3,2,2,100,0,3,3,1,1,0,0,1,8
Blake Griffin,DET,12/19/2018,DET @ MIN,W,42,34,13,22,59.1,5,10,50,3,6,50,1,7,8,4,0,1,2,4,15
James Harden,HOU,12/19/2018,HOU vs. WAS,W,34,35,10,18,55.6,6,11,54.5,9,9,100,0,3,3,9,2,0,2,4,12
Stephen Curry,GSW,12/19/2018,GSW @ UTA,L,37,32,12,21,57.1,5,9,55.6,3,3,100,1,2,3,3,3,1,4,4,-6
Buddy Hield,SAC,12/19/2018,SAC vs. OKC,L,35,37,11,25,44,7,14,50,8,8,100,0,6,6,3,2,0,0,2,-11
Derrick Rose,MIN,12/19/2018,MIN vs. DET,L,38,33,14,29,48.3,1,4,25,4,4,100,0,3,3,7,1,0,2,3,-13
Kevin Durant,GSW,12/19/2018,GSW @ UTA,L,36,30,10,23,43.5,2,7,28.6,8,9,88.9,1,6,7,2,0,1,5,2,-6
LeBron James,LAL,12/18/2018,LAL @ BKN,L,41,36,13,23,56.5,2,7,28.6,8,13,61.5,1,12,13,8,1,1,5,1,4
Harrison Barnes,DAL,12/18/2018,DAL @ DEN,L,34,30,10,16,62.5,5,8,62.5,5,6,83.3,1,3,4,0,1,1,0,1,9
Nikola Jokic,DEN,12/18/2018,DEN vs. DAL,W,35,32,13,25,52,2,6,33.3,4,4,100,6,10,16,4,3,1,5,4,15
James Harden,HOU,12/17/2018,HOU vs. UTA,W,41,47,14,31,45.2,4,12,33.3,15,16,93.8,0,6,6,5,5,0,5,4,-1
Devin Booker,PHX,12/17/2018,PHX @ NYK,W,37,38,11,23,47.8,2,7,28.6,14,15,93.3,0,7,7,2,2,0,1,5,10
Tobias Harris,LAC,12/17/2018,LAC vs. POR,L,35,39,15,22,68.2,3,6,50,6,8,75,1,10,11,1,1,0,1,2,-13
Damian Lillard,POR,12/17/2018,POR @ LAC,W,36,39,11,20,55,6,7,85.7,11,13,84.6,0,3,3,6,2,0,2,4,16
Emmanuel Mudiay,NYK,12/17/2018,NYK vs. PHX,L,33,32,12,21,57.1,2,6,33.3,6,7,85.7,1,5,6,6,0,0,2,3,-8
Giannis Antetokounmpo,MIL,12/17/2018,MIL @ DET,W,31,32,15,21,71.4,0,3,0,2,2,100,3,9,12,5,0,2,6,5,-8
D'Angelo Russell,BKN,12/16/2018,BKN vs. ATL,W,29,32,13,19,68.4,5,9,55.6,1,1,100,1,5,6,7,2,0,0,2,27
John Wall,WAS,12/16/2018,WAS vs. LAL,W,42,40,16,27,59.3,4,8,50,4,6,66.7,1,5,6,14,3,2,5,3,25
James Harden,HOU,12/15/2018,HOU @ MEM,W,41,32,9,14,64.3,3,7,42.9,11,13,84.6,0,12,12,10,2,0,5,1,3
Paul George,OKC,12/15/2018,OKC vs. LAC,W,37,33,11,19,57.9,5,9,55.6,6,8,75,1,6,7,6,1,1,0,4,15
Emmanuel Mudiay,NYK,12/14/2018,NYK @ CHA,W,41,34,14,21,66.7,1,4,25,5,6,83.3,1,2,3,8,2,0,3,3,13
Kevin Durant,GSW,12/14/2018,GSW @ SAC,W,37,33,9,20,45,4,8,50,11,12,91.7,2,6,8,8,0,0,4,1,23
Paul George,OKC,12/14/2018,OKC @ DEN,L,40,32,12,24,50,3,6,50,5,6,83.3,3,2,5,2,1,0,3,2,-7
Joel Embiid,PHI,12/14/2018,PHI vs. IND,L,34,40,13,22,59.1,1,6,16.7,13,16,81.3,8,13,21,3,1,1,6,4,-4
Bradley Beal,WAS,12/14/2018,WAS @ BKN,L,39,31,13,22,59.1,2,3,66.7,3,4,75,0,1,1,9,0,0,0,2,-2
Stephen Curry,GSW,12/14/2018,GSW @ SAC,W,36,35,11,23,47.8,5,14,35.7,8,8,100,1,6,7,6,3,0,1,2,18
Giannis Antetokounmpo,MIL,12/14/2018,MIL @ CLE,W,38,44,14,19,73.7,0,0,-0,16,21,76.2,4,10,14,8,0,2,4,5,25
James Harden,HOU,12/13/2018,HOU vs. LAL,W,35,50,14,26,53.8,4,12,33.3,18,19,94.7,2,8,10,11,2,0,6,4,14
T.J. Warren,PHX,12/13/2018,PHX vs. DAL,W,36,30,11,17,64.7,3,4,75,5,6,83.3,1,2,3,3,0,0,2,5,7
Kyrie Irving,BOS,12/12/2018,BOS @ WAS,W,40,38,12,28,42.9,4,11,36.4,10,10,100,0,3,3,7,1,0,4,1,12
John Wall,WAS,12/12/2018,WAS vs. BOS,L,41,34,14,26,53.8,1,5,20,5,8,62.5,0,6,6,13,2,1,5,1,-2
Kemba Walker,CHA,12/12/2018,CHA vs. DET,W,38,31,8,25,32,4,11,36.4,11,13,84.6,0,8,8,9,1,1,1,2,8
CJ McCollum,POR,12/12/2018,POR @ MEM,L,39,40,16,27,59.3,2,5,40,6,7,85.7,0,5,5,2,1,1,4,5,-2
Spencer Dinwiddie,BKN,12/12/2018,BKN @ PHI,W,30,39,11,18,61.1,4,6,66.7,13,14,92.9,0,2,2,5,1,0,4,1,15
Anthony Davis,NOP,12/12/2018,NOP vs. OKC,W,40,44,16,32,50,1,3,33.3,11,11,100,6,12,18,2,2,1,3,5,7
Joel Embiid,PHI,12/12/2018,PHI vs. BKN,L,38,33,12,18,66.7,2,3,66.7,7,8,87.5,3,14,17,6,1,1,6,5,7
Kevin Durant,GSW,12/12/2018,GSW vs. TOR,L,33,30,13,22,59.1,2,4,50,2,2,100,0,7,7,5,0,0,5,2,-10
Damian Lillard,POR,12/11/2018,POR @ HOU,L,39,34,12,25,48,4,7,57.1,6,7,85.7,1,1,2,2,0,0,3,3,7
Tobias Harris,LAC,12/10/2018,LAC @ PHX,W,41,33,11,19,57.9,2,4,50,9,9,100,1,7,8,3,1,2,4,3,-3
Stephen Curry,GSW,12/10/2018,GSW vs. MIN,W,36,38,12,23,52.2,7,14,50,7,7,100,1,6,7,6,2,1,2,1,9
Marcus Morris Sr.,BOS,12/10/2018,BOS vs. NOP,W,32,31,10,15,66.7,5,8,62.5,6,7,85.7,0,4,4,4,0,0,2,5,11
Bradley Beal,WAS,12/10/2018,WAS @ IND,L,44,30,10,27,37,4,9,44.4,6,7,85.7,1,2,3,3,3,1,4,4,-2
Paul George,OKC,12/10/2018,OKC vs. UTA,W,30,31,8,10,80,5,6,83.3,10,12,83.3,0,3,3,3,4,0,2,3,17
Anthony Davis,NOP,12/10/2018,NOP @ BOS,L,38,41,17,34,50,0,2,0,7,9,77.8,3,4,7,2,4,0,0,1,-18
Karl-Anthony Towns,MIN,12/10/2018,MIN @ GSW,L,34,31,11,15,73.3,1,4,25,8,12,66.7,4,7,11,4,0,1,4,2,-7
Kyle Kuzma,LAL,12/10/2018,LAL vs. MIA,W,40,33,14,22,63.6,3,7,42.9,2,2,100,1,6,7,1,0,0,3,0,16
Jrue Holiday,NOP,12/09/2018,NOP @ DET,W,40,37,14,22,63.6,6,10,60,3,3,100,1,4,5,5,3,0,9,3,17
Blake Griffin,DET,12/09/2018,DET vs. NOP,L,38,35,13,25,52,4,9,44.4,5,8,62.5,0,5,5,2,1,1,3,1,-11
James Harden,HOU,12/08/2018,HOU @ DAL,L,37,35,11,22,50,6,16,37.5,7,7,100,0,4,4,8,1,1,6,5,-8
John Collins,ATL,12/08/2018,ATL vs. DEN,W,33,30,12,20,60,3,6,50,3,4,75,3,9,12,5,0,1,1,2,7
Jimmy Butler,PHI,12/07/2018,PHI @ DET,W,39,38,13,27,48.1,1,6,16.7,11,12,91.7,5,1,6,6,3,1,0,1,12
Blake Griffin,DET,12/07/2018,DET vs. PHI,L,38,31,7,15,46.7,0,2,0,17,24,70.8,2,10,12,6,0,0,4,5,-6
De'Aaron Fox,SAC,12/07/2018,SAC @ CLE,W,29,30,12,16,75,4,5,80,2,3,66.7,0,2,2,12,3,0,1,4,31
LeBron James,LAL,12/07/2018,LAL @ SAS,L,37,35,13,28,46.4,3,8,37.5,6,9,66.7,2,6,8,11,2,0,1,4,-19
Kawhi Leonard,TOR,12/07/2018,TOR @ BKN,L,38,32,10,21,47.6,5,6,83.3,7,8,87.5,0,3,3,4,4,1,3,3,0
DeMar DeRozan,SAS,12/07/2018,SAS vs. LAL,W,36,36,11,20,55,0,0,-0,14,18,77.8,1,7,8,9,0,2,1,1,10
Blake Griffin,DET,12/05/2018,DET @ MIL,L,30,31,11,22,50,4,11,36.4,5,6,83.3,0,7,7,4,0,1,7,2,-17
Karl-Anthony Towns,MIN,12/05/2018,MIN vs. CHA,W,36,35,13,20,65,4,5,80,5,7,71.4,4,8,12,3,2,6,2,4,26
Jamal Murray,DEN,12/05/2018,DEN @ ORL,W,46,31,10,25,40,2,3,66.7,9,11,81.8,1,3,4,8,1,0,1,3,2
Bradley Beal,WAS,12/05/2018,WAS @ ATL,W,42,36,12,22,54.5,2,6,33.3,10,13,76.9,1,5,6,9,1,0,3,4,15
Jimmy Butler,PHI,12/05/2018,PHI @ TOR,L,38,38,15,27,55.6,4,7,57.1,4,4,100,3,7,10,1,1,1,2,2,3
LeBron James,LAL,12/05/2018,LAL vs. SAS,W,40,42,15,24,62.5,3,7,42.9,9,13,69.2,0,5,5,6,2,0,2,1,19
Rudy Gay,SAS,12/05/2018,SAS @ LAL,L,35,31,12,21,57.1,2,5,40,5,5,100,2,5,7,2,2,0,3,6,1
Kawhi Leonard,TOR,12/05/2018,TOR vs. PHI,W,35,36,13,24,54.2,5,6,83.3,5,6,83.3,1,8,9,1,5,1,2,0,4
DeMar DeRozan,SAS,12/05/2018,SAS @ LAL,L,41,32,12,27,44.4,0,1,0,8,8,100,1,6,7,3,2,0,2,0,-14
Paul George,OKC,12/05/2018,OKC @ BKN,W,37,47,15,27,55.6,6,13,46.2,11,14,78.6,3,12,15,4,0,1,2,2,12
Stephen Curry,GSW,12/05/2018,GSW @ CLE,W,34,42,11,20,55,9,14,64.3,11,12,91.7,0,9,9,7,1,0,2,1,22
Damian Lillard,POR,12/04/2018,POR @ DAL,L,38,33,10,23,43.5,2,8,25,11,12,91.7,2,6,8,8,1,2,6,5,-12
Stephen Curry,GSW,12/03/2018,GSW @ ATL,W,29,30,10,17,58.8,6,10,60,4,4,100,0,3,3,2,1,1,3,4,22
Jrue Holiday,NOP,12/03/2018,NOP vs. LAC,L,42,32,12,23,52.2,4,8,50,4,6,66.7,3,1,4,14,4,1,1,3,10
Julius Randle,NOP,12/03/2018,NOP vs. LAC,L,39,37,15,24,62.5,3,4,75,4,7,57.1,1,7,8,4,0,0,0,6,7
D'Angelo Russell,BKN,12/03/2018,BKN vs. CLE,L,33,30,13,31,41.9,4,12,33.3,0,1,0,4,4,8,6,2,0,1,1,6
DeMar DeRozan,SAS,12/02/2018,SAS vs. POR,W,38,36,13,27,48.1,0,0,-0,10,10,100,1,7,8,6,2,0,4,2,9
Anthony Davis,NOP,12/02/2018,NOP @ CHA,W,37,36,14,19,73.7,2,3,66.7,6,6,100,4,15,19,8,2,2,4,4,14
Damian Lillard,POR,12/02/2018,POR @ SAS,L,41,37,12,28,42.9,3,11,27.3,10,10,100,0,2,2,10,2,0,1,2,-7
Harrison Barnes,DAL,12/02/2018,DAL vs. LAC,W,38,30,11,28,39.3,3,9,33.3,5,5,100,5,4,9,1,0,1,3,1,10
John Wall,WAS,12/01/2018,WAS vs. BKN,W,37,30,12,24,50,3,6,50,3,5,60,0,5,5,9,1,0,2,1,14
James Harden,HOU,12/01/2018,HOU vs. CHI,W,30,30,9,16,56.3,6,11,54.5,6,7,85.7,0,6,6,7,1,1,7,1,11
Kawhi Leonard,TOR,12/01/2018,TOR @ CLE,W,37,34,11,21,52.4,3,9,33.3,9,9,100,1,8,9,2,1,2,1,2,28
Gordon Hayward,BOS,12/01/2018,BOS @ MIN,W,30,30,8,16,50,4,5,80,10,10,100,3,6,9,8,2,0,2,0,14
Giannis Antetokounmpo,MIL,12/01/2018,MIL @ NYK,L,42,33,10,17,58.8,0,1,0,13,16,81.3,3,16,19,7,3,2,6,2,-6
Jaren Jackson Jr.,MEM,11/30/2018,MEM @ BKN,W,43,36,13,22,59.1,3,7,42.9,7,7,100,3,5,8,2,0,0,1,4,13
Anthony Davis,NOP,11/30/2018,NOP @ MIA,L,41,41,15,23,65.2,2,5,40,9,10,90,1,8,9,2,1,4,2,2,9
Donovan Mitchell,UTA,11/30/2018,UTA @ CHA,W,34,30,12,22,54.5,2,7,28.6,4,5,80,1,5,6,6,1,0,3,0,6
Mike Conley,MEM,11/30/2018,MEM @ BKN,W,46,37,13,25,52,2,7,28.6,9,9,100,0,5,5,10,0,1,3,3,9
CJ McCollum,POR,11/30/2018,POR vs. DEN,L,38,33,14,21,66.7,0,4,0,5,5,100,1,3,4,1,1,1,3,5,4
LeBron James,LAL,11/29/2018,LAL vs. IND,W,38,38,15,27,55.6,2,7,28.6,6,10,60,1,8,9,7,2,0,4,2,19
Kawhi Leonard,TOR,11/29/2018,TOR vs. GSW,W,44,37,14,24,58.3,3,6,50,6,6,100,2,6,8,3,1,1,1,4,3
Kevin Durant,GSW,11/29/2018,GSW @ TOR,L,43,51,18,31,58.1,4,7,57.1,11,12,91.7,3,8,11,6,0,0,1,4,-5
Giannis Antetokounmpo,MIL,11/28/2018,MIL vs. CHI,W,34,36,14,21,66.7,0,3,0,8,12,66.7,2,9,11,8,2,1,4,2,1
Damian Lillard,POR,11/28/2018,POR vs. ORL,W,37,41,13,22,59.1,10,15,66.7,5,7,71.4,0,8,8,4,2,1,3,2,15
Blake Griffin,DET,11/27/2018,DET vs. NYK,W,36,30,9,21,42.9,0,5,0,12,16,75,0,4,4,5,0,0,2,0,0
James Harden,HOU,11/26/2018,HOU @ WAS,L,47,54,17,32,53.1,7,15,46.7,13,15,86.7,1,7,8,13,3,0,11,4,7
Nikola Vucevic,ORL,11/26/2018,ORL @ GSW,L,33,30,12,21,57.1,1,4,25,5,6,83.3,4,8,12,6,1,0,1,4,-8
Kevin Durant,GSW,11/26/2018,GSW vs. ORL,W,40,49,16,33,48.5,4,10,40,13,13,100,0,6,6,9,2,2,4,4,13
Eric Gordon,HOU,11/26/2018,HOU @ WAS,L,43,36,12,23,52.2,8,16,50,4,7,57.1,0,2,2,2,0,0,1,3,1
John Wall,WAS,11/26/2018,WAS vs. HOU,W,40,36,13,24,54.2,2,5,40,8,11,72.7,0,3,3,11,0,2,5,4,-8
Bradley Beal,WAS,11/26/2018,WAS vs. HOU,W,50,32,12,18,66.7,4,8,50,4,5,80,1,0,1,4,0,2,2,4,-1
Damian Lillard,POR,11/25/2018,POR vs. LAC,L,41,30,12,27,44.4,3,13,23.1,3,4,75,1,5,6,4,0,0,3,3,-13
Spencer Dinwiddie,BKN,11/25/2018,BKN vs. PHI,L,29,31,11,15,73.3,4,5,80,5,6,83.3,0,3,3,5,0,0,3,4,-4
Devin Booker,PHX,11/25/2018,PHX @ DET,L,37,37,14,24,58.3,3,9,33.3,6,6,100,0,4,4,5,0,0,4,2,-4
Jimmy Butler,PHI,11/25/2018,PHI @ BKN,W,37,34,11,20,55,5,6,83.3,7,7,100,6,6,12,2,4,0,1,2,6
Nikola Vucevic,ORL,11/25/2018,ORL @ LAL,W,36,31,10,20,50,3,8,37.5,8,8,100,2,13,15,7,2,3,3,2,17
Tobias Harris,LAC,11/25/2018,LAC @ POR,W,36,34,14,22,63.6,2,6,33.3,4,4,100,0,11,11,1,1,0,0,0,11
Dwyane Wade,MIA,11/25/2018,MIA @ TOR,L,34,35,13,22,59.1,4,7,57.1,5,7,71.4,4,1,5,6,0,1,3,3,11
D'Angelo Russell,BKN,11/25/2018,BKN vs. PHI,L,34,38,16,28,57.1,2,6,33.3,4,4,100,1,7,8,8,0,1,1,0,-1
Joel Embiid,PHI,11/25/2018,PHI @ BKN,W,36,32,11,19,57.9,0,3,0,10,12,83.3,2,10,12,4,0,2,4,4,11
Kevin Durant,GSW,11/24/2018,GSW vs. SAC,W,40,44,13,26,50,2,8,25,16,17,94.1,1,12,13,7,0,2,7,3,3
Giannis Antetokounmpo,MIL,11/24/2018,MIL vs. SAS,W,39,34,9,16,56.3,0,3,0,16,20,80,2,16,18,8,2,1,3,3,21
Klay Thompson,GSW,11/24/2018,GSW vs. SAC,W,36,31,12,26,46.2,5,12,41.7,2,2,100,1,3,4,0,0,0,1,2,13
Karl-Anthony Towns,MIN,11/24/2018,MIN vs. CHI,W,37,35,13,23,56.5,1,5,20,8,10,80,9,14,23,6,0,0,3,6,17
DeMar DeRozan,SAS,11/24/2018,SAS @ MIL,L,35,34,13,26,50,1,2,50,7,10,70,2,2,4,7,1,0,0,0,-32
James Harden,HOU,11/24/2018,HOU @ CLE,L,44,40,14,30,46.7,5,12,41.7,7,12,58.3,1,3,4,13,1,0,9,3,-2
Kevin Durant,GSW,11/23/2018,GSW vs. POR,W,38,32,13,21,61.9,2,5,40,4,5,80,1,8,9,7,2,3,6,3,23
Klay Thompson,GSW,11/23/2018,GSW vs. POR,W,33,31,12,21,57.1,4,9,44.4,3,3,100,0,7,7,1,2,1,4,1,13
Russell Westbrook,OKC,11/23/2018,OKC vs. CHA,W,35,30,10,18,55.6,1,4,25,9,11,81.8,0,12,12,8,2,0,4,3,17
Giannis Antetokounmpo,MIL,11/23/2018,MIL vs. PHX,L,36,35,14,16,87.5,0,1,0,7,12,58.3,1,9,10,3,1,0,4,2,7
James Harden,HOU,11/23/2018,HOU @ DET,L,41,33,9,27,33.3,3,11,27.3,12,14,85.7,1,1,2,8,0,1,7,5,-13
Anthony Davis,NOP,11/23/2018,NOP @ NYK,L,32,33,12,19,63.2,1,1,100,8,10,80,3,8,11,4,0,0,0,3,-6
LaMarcus Aldridge,SAS,11/23/2018,SAS @ IND,W,37,33,14,25,56,0,1,0,5,6,83.3,5,9,14,3,0,2,3,2,21
Blake Griffin,DET,11/21/2018,DET @ HOU,L,38,37,9,21,42.9,6,9,66.7,13,15,86.7,5,6,11,4,0,0,9,5,-9
Giannis Antetokounmpo,MIL,11/21/2018,MIL vs. POR,W,30,33,13,20,65,1,3,33.3,6,9,66.7,5,11,16,9,3,0,3,1,27
Jrue Holiday,NOP,11/21/2018,NOP @ PHI,L,41,30,11,24,45.8,1,6,16.7,7,8,87.5,2,2,4,10,2,1,5,1,7
Joel Embiid,PHI,11/21/2018,PHI vs. NOP,W,32,31,11,23,47.8,2,4,50,7,9,77.8,5,14,19,2,0,2,7,5,-11
Donovan Mitchell,UTA,11/21/2018,UTA vs. SAC,L,32,35,13,23,56.5,4,9,44.4,5,5,100,0,2,2,3,0,1,1,5,-8
James Harden,HOU,11/21/2018,HOU vs. DET,W,36,43,10,20,50,4,9,44.4,19,19,100,1,6,7,9,4,0,6,3,9
Mike Conley,MEM,11/21/2018,MEM @ SAS,W,35,30,11,23,47.8,3,7,42.9,5,5,100,1,3,4,9,1,1,0,0,2
LeBron James,LAL,11/21/2018,LAL @ CLE,W,36,32,11,20,55,2,6,33.3,8,12,66.7,2,12,14,7,0,1,4,3,9
Dennis Schroder,OKC,11/21/2018,OKC @ GSW,W,28,32,12,19,63.2,5,6,83.3,3,3,100,1,3,4,4,1,0,1,3,21
E'Twaun Moore,NOP,11/21/2018,NOP @ PHI,L,38,30,13,25,52,3,7,42.9,1,3,33.3,1,1,2,1,0,0,0,3,-12
John Wall,WAS,11/20/2018,WAS vs. LAC,W,41,30,9,24,37.5,5,12,41.7,7,10,70,0,4,4,8,2,2,1,2,6
Tim Hardaway Jr.,NYK,11/20/2018,NYK vs. POR,L,37,32,10,21,47.6,3,6,50,9,9,100,2,3,5,4,1,0,2,2,10
CJ McCollum,POR,11/20/2018,POR @ NYK,W,38,31,13,23,56.5,5,9,55.6,0,0,-0,1,3,4,2,0,1,1,3,3
Joel Embiid,PHI,11/19/2018,PHI vs. PHX,W,36,33,12,23,52.2,0,5,0,9,12,75,3,14,17,1,3,1,6,4,18
Kemba Walker,CHA,11/19/2018,CHA vs. BOS,W,39,43,14,25,56,7,13,53.8,8,9,88.9,1,3,4,5,1,0,4,3,17
Devin Booker,PHX,11/19/2018,PHX @ PHI,L,36,37,13,28,46.4,6,15,40,5,7,71.4,0,3,3,8,0,0,2,6,0
Trey Burke,NYK,11/18/2018,NYK @ ORL,L,29,31,11,20,55,1,7,14.3,8,10,80,1,2,3,2,2,0,3,2,6
Aaron Gordon,ORL,11/18/2018,ORL vs. NYK,W,29,31,13,17,76.5,4,8,50,1,2,50,0,1,1,2,1,0,4,3,13
Damian Lillard,POR,11/18/2018,POR @ WAS,W,38,40,12,29,41.4,3,10,30,13,15,86.7,2,4,6,5,1,0,1,2,17
LeBron James,LAL,11/18/2018,LAL @ MIA,W,38,51,19,31,61.3,6,8,75,7,10,70,1,7,8,3,2,1,2,3,20
Tim Hardaway Jr.,NYK,11/18/2018,NYK @ ORL,L,36,32,9,20,45,5,10,50,9,10,90,1,1,2,2,3,0,1,2,-24
Joel Embiid,PHI,11/17/2018,PHI @ CHA,W,40,33,9,23,39.1,2,5,40,13,14,92.9,2,9,11,3,1,2,4,5,-4
Kemba Walker,CHA,11/17/2018,CHA vs. PHI,L,45,60,21,34,61.8,6,14,42.9,12,12,100,0,7,7,4,4,0,9,2,1
Nikola Vucevic,ORL,11/17/2018,ORL vs. LAL,W,31,36,15,23,65.2,2,5,40,4,5,80,4,9,13,0,2,0,3,1,12
Paul George,OKC,11/17/2018,OKC @ PHX,W,40,32,9,22,40.9,3,10,30,11,11,100,1,10,11,2,3,3,5,2,12
James Harden,HOU,11/17/2018,HOU vs. SAC,W,34,34,10,17,58.8,4,10,40,10,10,100,0,4,4,8,3,0,6,3,1
Kevin Durant,GSW,11/17/2018,GSW @ DAL,L,37,32,11,24,45.8,0,4,0,10,11,90.9,0,4,4,3,0,1,4,4,-13
Anthony Davis,NOP,11/17/2018,NOP vs. DEN,W,38,40,10,20,50,0,1,0,20,21,95.2,4,4,8,8,0,1,0,4,11
Kyrie Irving,BOS,11/16/2018,BOS vs. TOR,W,39,43,18,26,69.2,3,6,50,4,6,66.7,0,2,2,11,3,1,3,3,9
Kawhi Leonard,TOR,11/16/2018,TOR @ BOS,L,43,31,11,25,44,0,3,0,9,11,81.8,2,13,15,4,3,0,2,0,4
Anthony Davis,NOP,11/16/2018,NOP vs. NYK,W,40,43,16,25,64,1,4,25,10,15,66.7,4,13,17,5,1,1,2,2,10
Donovan Mitchell,UTA,11/16/2018,UTA @ PHI,L,34,31,13,35,37.1,1,11,9.1,4,7,57.1,0,2,2,0,4,1,1,3,1
Tim Hardaway Jr.,NYK,11/16/2018,NYK @ NOP,L,38,30,9,23,39.1,4,12,33.3,8,10,80,2,6,8,2,2,0,3,2,-5
DeMar DeRozan,SAS,11/15/2018,SAS @ LAC,L,41,34,14,30,46.7,0,3,0,6,8,75,0,6,6,5,3,1,1,4,11
Giannis Antetokounmpo,MIL,11/14/2018,MIL vs. MEM,L,35,31,10,14,71.4,0,2,0,11,12,91.7,1,8,9,4,1,2,6,4,4
E'Twaun Moore,NOP,11/14/2018,NOP @ MIN,L,38,31,13,23,56.5,4,8,50,1,4,25,1,3,4,4,1,0,2,4,7
Paul George,OKC,11/14/2018,OKC vs. NYK,W,29,35,13,22,59.1,5,11,45.5,4,4,100,1,6,7,5,2,1,0,3,17
LeBron James,LAL,11/14/2018,LAL vs. POR,W,36,44,13,19,68.4,5,6,83.3,13,15,86.7,2,8,10,9,1,3,4,0,4
Blake Griffin,DET,11/14/2018,DET @ TOR,W,40,30,13,22,59.1,3,8,37.5,1,2,50,1,11,12,3,3,2,5,2,6
Nikola Vucevic,ORL,11/14/2018,ORL vs. PHI,W,39,30,10,19,52.6,3,6,50,7,8,87.5,0,8,8,4,2,0,1,1,21
Damian Lillard,POR,11/14/2018,POR @ LAL,L,38,31,8,23,34.8,3,9,33.3,12,13,92.3,1,7,8,11,0,1,2,2,-7
Kevin Durant,GSW,11/12/2018,GSW @ LAC,L,39,33,10,24,41.7,2,4,50,11,13,84.6,1,10,11,10,1,2,4,6,4
Klay Thompson,GSW,11/12/2018,GSW @ LAC,L,45,31,13,31,41.9,5,16,31.3,0,0,-0,1,2,3,2,2,1,3,2,-4
Joel Embiid,PHI,11/12/2018,PHI @ MIA,W,36,35,8,15,53.3,3,4,75,16,20,80,6,12,18,3,0,0,2,1,12
Paul George,OKC,11/12/2018,OKC vs. PHX,W,36,32,11,19,57.9,6,10,60,4,4,100,1,7,8,6,0,0,4,3,21
D'Angelo Russell,BKN,11/12/2018,BKN @ MIN,L,33,31,10,22,45.5,9,15,60,2,5,40,0,2,2,6,2,0,3,1,-9
E'Twaun Moore,NOP,11/12/2018,NOP @ TOR,W,36,30,13,18,72.2,3,5,60,1,2,50,0,2,2,3,1,0,2,1,21
James Harden,HOU,11/11/2018,HOU vs. IND,W,38,40,9,20,45,8,18,44.4,14,15,93.3,0,7,7,9,1,1,9,5,13
Mike Conley,MEM,11/10/2018,MEM vs. PHI,W,42,32,12,24,50,4,10,40,4,6,66.7,0,4,4,6,2,1,1,3,19
Joel Embiid,PHI,11/09/2018,PHI vs. CHA,W,39,42,11,18,61.1,1,2,50,19,22,86.4,2,16,18,4,0,4,3,4,8
Karl-Anthony Towns,MIN,11/09/2018,MIN @ SAC,L,40,39,15,27,55.6,2,5,40,7,7,100,9,10,19,1,0,1,4,4,-5
Nikola Jokic,DEN,11/09/2018,DEN vs. BKN,L,33,37,14,22,63.6,1,1,100,8,10,80,7,14,21,3,1,2,6,5,5
Kemba Walker,CHA,11/09/2018,CHA @ PHI,L,40,30,9,29,31,3,14,21.4,9,10,90,0,7,7,9,1,0,0,1,-1
Devin Booker,PHX,11/08/2018,PHX vs. BOS,L,43,38,15,30,50,4,13,30.8,4,5,80,0,3,3,9,3,0,6,3,-2
Kyrie Irving,BOS,11/08/2018,BOS @ PHX,W,43,39,13,28,46.4,6,13,46.2,7,7,100,2,5,7,6,3,1,3,5,7
Tim Hardaway Jr.,NYK,11/07/2018,NYK @ ATL,W,37,34,8,22,36.4,2,11,18.2,16,20,80,0,1,1,3,3,1,2,1,19
Victor Oladipo,IND,11/07/2018,IND vs. PHI,L,37,36,14,30,46.7,4,14,28.6,4,6,66.7,0,6,6,7,2,3,1,1,-7
Derrick Rose,MIN,11/07/2018,MIN @ LAL,L,37,31,11,17,64.7,7,9,77.8,2,2,100,1,2,3,5,0,0,4,1,11
Anthony Davis,NOP,11/07/2018,NOP vs. CHI,W,37,32,13,24,54.2,2,4,50,4,7,57.1,2,13,15,7,1,4,4,2,8
CJ McCollum,POR,11/06/2018,POR vs. MIL,W,36,40,17,26,65.4,5,10,50,1,2,50,2,2,4,6,4,0,2,4,10
Jamal Murray,DEN,11/05/2018,DEN vs. BOS,W,38,48,19,30,63.3,5,11,45.5,5,5,100,1,4,5,4,0,0,5,1,-4
Zach LaVine,CHI,11/05/2018,CHI @ NYK,W,49,41,13,25,52,4,10,40,11,14,78.6,0,4,4,4,3,2,8,1,3
Kyrie Irving,BOS,11/05/2018,BOS @ DEN,L,34,31,13,17,76.5,4,6,66.7,1,1,100,2,3,5,5,3,1,2,3,2
Serge Ibaka,TOR,11/04/2018,TOR @ LAL,W,29,34,15,17,88.2,1,1,100,3,3,100,3,7,10,2,2,0,1,4,32
Josh Richardson,MIA,11/03/2018,MIA @ ATL,L,38,32,10,18,55.6,6,10,60,6,6,100,0,1,1,3,2,1,1,4,5
Joel Embiid,PHI,11/03/2018,PHI vs. DET,W,34,39,10,18,55.6,1,3,33.3,18,23,78.3,0,17,17,1,0,2,4,5,1
CJ McCollum,POR,11/03/2018,POR vs. LAL,L,36,30,13,24,54.2,2,8,25,2,2,100,2,3,5,4,0,0,3,3,16
Damian Lillard,POR,11/03/2018,POR vs. LAL,L,36,30,10,23,43.5,2,9,22.2,8,8,100,1,3,4,4,3,0,0,1,16
Blake Griffin,DET,11/03/2018,DET @ PHI,L,37,38,12,21,57.1,2,7,28.6,12,16,75,1,12,13,6,2,0,7,5,-9
Chris Paul,HOU,11/02/2018,HOU @ BKN,W,37,32,13,27,48.1,5,12,41.7,1,1,100,3,4,7,11,2,2,2,4,20
Kevin Durant,GSW,11/02/2018,GSW vs. MIN,W,36,33,11,19,57.9,3,5,60,8,9,88.9,0,13,13,3,0,1,4,2,17
Joel Embiid,PHI,11/01/2018,PHI vs. LAC,W,33,41,16,32,50,3,8,37.5,6,9,66.7,4,9,13,1,0,4,2,5,16
De'Aaron Fox,SAC,11/01/2018,SAC @ ATL,W,34,31,9,13,69.2,3,4,75,10,11,90.9,3,7,10,15,1,0,3,3,34
Giannis Antetokounmpo,MIL,11/01/2018,MIL @ BOS,L,36,33,13,22,59.1,0,1,0,7,11,63.6,2,9,11,2,3,0,4,2,-4
Stephen Curry,GSW,10/31/2018,GSW vs. NOP,W,37,37,12,20,60,7,11,63.6,6,7,85.7,0,2,2,9,2,0,5,3,19
Derrick Rose,MIN,10/31/2018,MIN vs. UTA,W,41,50,19,31,61.3,4,7,57.1,8,11,72.7,0,4,4,6,1,1,6,4,10
Tim Hardaway Jr.,NYK,10/31/2018,NYK vs. IND,L,38,37,10,19,52.6,7,11,63.6,10,10,100,0,1,1,1,0,0,5,4,-14
Domantas Sabonis,IND,10/31/2018,IND @ NYK,W,21,30,12,12,100,0,0,-0,6,7,85.7,3,6,9,3,0,2,6,6,6
Kyrie Irving,BOS,10/30/2018,BOS vs. DET,W,33,31,10,16,62.5,4,7,57.1,7,8,87.5,1,4,5,5,1,0,2,0,1
Kawhi Leonard,TOR,10/30/2018,TOR vs. PHI,W,34,31,10,19,52.6,2,5,40,9,10,90,1,6,7,4,4,0,0,4,11
Paul George,OKC,10/30/2018,OKC vs. LAC,W,34,32,9,18,50,3,5,60,11,14,78.6,1,11,12,4,0,2,4,3,21
Joel Embiid,PHI,10/30/2018,PHI @ TOR,L,33,31,11,21,52.4,3,4,75,6,7,85.7,5,6,11,4,0,1,2,4,-7
Russell Westbrook,OKC,10/30/2018,OKC vs. LAC,W,34,32,13,25,52,1,3,33.3,5,7,71.4,2,2,4,8,3,1,3,4,18
Serge Ibaka,TOR,10/29/2018,TOR @ MIL,L,29,30,12,21,57.1,2,5,40,4,4,100,2,7,9,1,0,1,0,3,7
Josh Richardson,MIA,10/29/2018,MIA vs. SAC,L,37,31,10,21,47.6,4,10,40,7,7,100,2,1,3,0,2,3,0,4,6
Klay Thompson,GSW,10/29/2018,GSW @ CHI,W,27,52,18,29,62.1,14,24,58.3,2,2,100,0,4,4,0,2,0,2,2,28
Jimmy Butler,MIN,10/29/2018,MIN vs. LAL,W,37,32,12,20,60,6,7,85.7,2,2,100,1,5,6,4,1,2,0,1,5
DeMar DeRozan,SAS,10/29/2018,SAS vs. DAL,W,43,34,12,21,57.1,0,1,0,10,10,100,1,5,6,9,3,0,2,4,-7
Luka Doncic,DAL,10/29/2018,DAL @ SAS,L,40,31,11,18,61.1,4,6,66.7,5,6,83.3,2,6,8,4,1,1,6,0,7
Kevin Durant,GSW,10/28/2018,GSW @ BKN,W,39,34,11,20,55,2,6,33.3,10,11,90.9,0,8,8,6,1,1,3,0,-2
Stephen Curry,GSW,10/28/2018,GSW @ BKN,W,36,35,11,26,42.3,7,15,46.7,6,7,85.7,1,6,7,3,1,0,2,1,11
Damian Lillard,POR,10/27/2018,POR @ MIA,L,37,42,15,28,53.6,5,11,45.5,7,7,100,2,5,7,6,0,0,1,3,-1
DeMar DeRozan,SAS,10/27/2018,SAS vs. LAL,W,39,30,14,23,60.9,0,0,-0,2,2,100,1,11,12,8,2,1,4,4,2
LeBron James,LAL,10/27/2018,LAL @ SAS,L,34,35,13,21,61.9,2,6,33.3,7,8,87.5,1,10,11,4,2,0,4,3,-1
Kemba Walker,CHA,10/27/2018,CHA @ PHI,L,35,37,11,31,35.5,3,15,20,12,14,85.7,1,5,6,6,1,2,2,1,6
Kemba Walker,CHA,10/26/2018,CHA vs. CHI,W,26,30,11,18,61.1,5,10,50,3,3,100,1,5,6,7,0,0,2,3,20
Kevin Durant,GSW,10/26/2018,GSW @ NYK,W,36,41,17,24,70.8,5,9,55.6,2,2,100,1,8,9,5,0,0,3,0,17
Montrezl Harrell,LAC,10/26/2018,LAC @ HOU,W,28,30,8,13,61.5,0,0,-0,14,15,93.3,0,6,6,1,2,2,1,2,27
Damian Lillard,POR,10/25/2018,POR @ ORL,W,36,41,13,23,56.5,5,10,50,10,12,83.3,2,5,7,6,1,0,1,0,15
Stephen Curry,GSW,10/24/2018,GSW vs. WAS,W,32,51,15,24,62.5,11,16,68.8,10,10,100,0,4,4,3,0,1,2,1,19
Kawhi Leonard,TOR,10/24/2018,TOR vs. MIN,W,35,35,15,23,65.2,2,4,50,3,4,75,1,4,5,2,2,2,3,2,2
Giannis Antetokounmpo,MIL,10/24/2018,MIL vs. PHI,W,37,32,12,24,50,0,3,0,8,9,88.9,3,15,18,10,2,3,5,4,11
Zach LaVine,CHI,10/24/2018,CHI vs. CHA,W,36,32,10,22,45.5,1,5,20,11,12,91.7,1,3,4,5,0,0,3,5,-1
Joel Embiid,PHI,10/24/2018,PHI @ MIL,L,36,30,9,24,37.5,2,7,28.6,10,13,76.9,3,16,19,6,0,3,2,2,3
Kevin Durant,GSW,10/24/2018,GSW vs. WAS,W,32,30,13,18,72.2,1,3,33.3,3,3,100,0,8,8,7,1,1,3,0,26
Donovan Mitchell,UTA,10/24/2018,UTA @ HOU,W,39,38,14,25,56,4,9,44.4,6,8,75,0,5,5,7,0,0,3,1,12
Kent Bazemore,ATL,10/24/2018,ATL vs. DAL,W,33,32,12,22,54.5,3,11,27.3,5,6,83.3,1,2,3,7,3,0,0,4,17
JJ Redick,PHI,10/23/2018,PHI @ DET,L,37,30,9,21,42.9,6,15,40,6,7,85.7,0,5,5,6,0,0,0,1,7
Blake Griffin,DET,10/23/2018,DET vs. PHI,W,44,50,20,35,57.1,5,10,50,5,11,45.5,3,11,14,6,0,1,1,4,4
Joel Embiid,PHI,10/23/2018,PHI @ DET,L,39,33,11,20,55,0,4,0,11,14,78.6,1,10,11,7,0,3,1,5,3
Anthony Davis,NOP,10/23/2018,NOP vs. LAC,W,40,34,11,21,52.4,2,3,66.7,10,15,66.7,5,8,13,2,1,5,0,3,15
Zach LaVine,CHI,10/22/2018,CHI @ DAL,L,37,34,11,15,73.3,5,7,71.4,7,8,87.5,1,2,3,2,2,1,5,3,-3
DeMar DeRozan,SAS,10/22/2018,SAS @ LAL,W,45,32,11,29,37.9,2,5,40,8,9,88.9,1,7,8,14,1,0,2,3,7
LeBron James,LAL,10/22/2018,LAL vs. SAS,L,43,32,11,25,44,2,8,25,8,11,72.7,2,6,8,14,1,1,5,2,-5
Giannis Antetokounmpo,MIL,10/22/2018,MIL vs. NYK,W,37,31,13,29,44.8,1,3,33.3,4,6,66.7,9,6,15,4,0,2,3,4,9
Khris Middleton,MIL,10/22/2018,MIL vs. NYK,W,35,30,11,14,78.6,7,8,87.5,1,2,50,0,7,7,2,1,0,2,3,16
Kyle Kuzma,LAL,10/22/2018,LAL vs. SAS,L,45,37,15,25,60,4,10,40,3,4,75,0,8,8,3,0,0,2,1,-3
LaMarcus Aldridge,SAS,10/22/2018,SAS @ LAL,W,40,37,13,22,59.1,0,0,-0,11,18,61.1,5,5,10,5,1,1,1,3,9
Trae Young,ATL,10/21/2018,ATL @ CLE,W,38,35,13,23,56.5,6,14,42.9,3,3,100,0,2,2,11,1,0,1,2,19
James Harden,HOU,10/21/2018,HOU @ LAC,L,40,31,11,26,42.3,4,12,33.3,5,6,83.3,0,4,4,14,2,0,3,1,5
Stephen Curry,GSW,10/21/2018,GSW @ DEN,L,39,30,10,23,43.5,6,16,37.5,4,4,100,0,4,4,6,0,0,2,4,3
Russell Westbrook,OKC,10/21/2018,OKC vs. SAC,L,35,32,13,23,56.5,1,6,16.7,5,11,45.5,2,10,12,8,0,0,5,2,-13
Nikola Jokic,DEN,10/20/2018,DEN vs. PHX,W,31,35,11,11,100,3,3,100,10,11,90.9,0,11,11,11,4,1,0,3,29
Joel Embiid,PHI,10/20/2018,PHI vs. ORL,W,34,32,13,26,50,3,5,60,3,4,75,4,6,10,3,0,0,0,2,-8
Blake Griffin,DET,10/20/2018,DET @ CHI,W,35,33,12,23,52.2,5,7,71.4,4,6,66.7,4,8,12,5,0,1,0,1,17
Karl-Anthony Towns,MIN,10/20/2018,MIN @ DAL,L,34,31,9,16,56.3,4,6,66.7,9,10,90,1,4,5,2,1,1,0,5,-5
JJ Redick,PHI,10/20/2018,PHI vs. ORL,W,32,31,10,20,50,8,13,61.5,3,3,100,0,4,4,4,1,0,0,1,16
James Harden,HOU,10/20/2018,HOU @ LAL,W,38,36,10,19,52.6,5,10,50,11,15,73.3,1,6,7,5,2,1,6,2,-3
Bradley Beal,WAS,10/20/2018,WAS vs. TOR,L,35,32,12,21,57.1,6,11,54.5,2,4,50,0,3,3,6,1,1,1,5,3
Evan Fournier,ORL,10/20/2018,ORL @ PHI,L,34,31,12,23,52.2,6,10,60,1,1,100,0,4,4,3,1,0,1,3,19
Kemba Walker,CHA,10/20/2018,CHA @ MIA,W,40,39,14,31,45.2,7,15,46.7,4,7,57.1,0,5,5,7,0,0,2,4,1
Zach LaVine,CHI,10/20/2018,CHI vs. DET,L,37,33,12,21,57.1,2,6,33.3,7,9,77.8,0,3,3,3,0,0,2,3,-14
Garrett Temple,MEM,10/19/2018,MEM vs. ATL,W,34,30,10,11,90.9,5,6,83.3,5,7,71.4,0,4,4,2,1,1,1,1,37
Nikola Mirotic,NOP,10/19/2018,NOP vs. SAC,W,31,36,14,21,66.7,5,9,55.6,3,6,50,2,7,9,2,0,0,0,4,14
Kevin Durant,GSW,10/19/2018,GSW @ UTA,W,40,38,14,25,56,1,1,100,9,9,100,0,9,9,7,1,1,2,3,-1
Jimmy Butler,MIN,10/19/2018,MIN vs. CLE,W,36,33,10,12,83.3,1,1,100,12,12,100,2,5,7,3,4,2,2,0,-3
Stephen Curry,GSW,10/19/2018,GSW @ UTA,W,37,31,13,24,54.2,5,9,55.6,0,1,0,1,3,4,8,2,0,4,2,-3
Kawhi Leonard,TOR,10/19/2018,TOR vs. BOS,W,36,31,10,25,40,2,5,40,9,9,100,2,8,10,3,1,0,3,1,17
Zach LaVine,CHI,10/18/2018,CHI @ PHI,L,33,30,11,19,57.9,2,7,28.6,6,7,85.7,0,5,5,3,0,3,5,5,-10
Joel Embiid,PHI,10/18/2018,PHI vs. CHI,W,33,30,9,14,64.3,0,3,0,12,14,85.7,1,11,12,3,1,4,2,4,26
Kemba Walker,CHA,10/17/2018,CHA vs. MIL,L,39,41,15,29,51.7,7,13,53.8,4,5,80,1,1,2,4,2,0,3,0,-1
Nikola Mirotic,NOP,10/17/2018,NOP @ HOU,W,30,30,11,20,55,6,8,75,2,3,66.7,7,3,10,3,0,0,1,1,14
Anthony Davis,NOP,10/17/2018,NOP @ HOU,W,39,32,13,21,61.9,0,0,-0,6,7,85.7,2,14,16,8,3,3,1,5,23
Devin Booker,PHX,10/17/2018,PHX vs. DAL,W,33,35,12,19,63.2,6,10,60,5,6,83.3,0,4,4,7,0,0,3,4,22
Tim Hardaway Jr.,NYK,10/17/2018,NYK vs. ATL,W,29,31,10,22,45.5,3,9,33.3,8,8,100,1,5,6,5,2,0,0,2,14
Stephen Curry,GSW,10/16/2018,GSW vs. OKC,W,37,32,11,20,55,5,9,55.6,5,5,100,0,8,8,9,1,0,3,4,15
